OrderID,Date,Product,Category,Region,Quantity,UnitPrice,Sales
1001,2021-01-01,Running Shoes,Sports,West,3.0,54.31,162.93
1002,2021-01-01,Mechanical Keyboard,Electronics,West,4.0,62.41,249.64
1003,2021-01-01,Mechanical Keyboard,Electronics,West,4.0,52.02,208.08
1000,2021-01-01,USB-C Charger,Electronics,East,3.0,12.18,36.54
1005,2021-01-02,Coffee Maker,Home & Kitchen,West,7.0,50.7,354.9
1004,2021-01-02,Wireless Mouse,Electronics,East,3.0,15.0,45.0
1006,2021-01-03,Cotton T-Shirt,Clothing,East,5.0,15.78,78.9
1007,2021-01-03,Running Shoes,Sports,North,7.0,54.2,379.4
1008,2021-01-04,Mechanical Keyboard,Electronics,West,4.0,55.55,222.2
1009,2021-01-04,Cricket Bat,Sports,West,5.0,49.87,249.35
1010,2021-01-04,USB-C Charger,Electronics,South,1.0,11.58,11.58
1012,2021-01-05,Coffee Maker,Home & Kitchen,South,2.0,56.19,112.38
1013,2021-01-05,Face Moisturizer,Beauty,East,7.0,16.6,116.2
1011,2021-01-05,Yoga Mat,Sports,North,7.0,22.21,155.47
1014,2021-01-06,Winter Jacket,Clothing,North,4.0,77.43,387.15
1016,2021-01-07,Bed Sheet Set,Home & Kitchen,North,1.0,30.68,34.4
1015,2021-01-07,Coffee Maker,Home & Kitchen,North,1.0,48.7,48.7
1018,2021-01-08,USB-C Charger,Electronics,North,3.0,11.02,33.06
1017,2021-01-08,Non-Stick Pan,Home & Kitchen,East,1.0,26.95,26.95
1019,2021-01-09,Cricket Bat,Sports,North,4.0,44.22,176.88
1020,2021-01-10,Cricket Bat,Sports,South,5.0,48.71,243.55
1022,2021-01-11,Cricket Bat,Sports,East,6.0,46.06,276.36
1023,2021-01-11,Cotton T-Shirt,Clothing,East,7.0,15.26,97.44
1021,2021-01-11,Face Moisturizer,Beauty,East,1.0,19.45,19.45
1024,2021-01-12,Cricket Bat,Sports,North,4.0,46.84,187.36
1026,2021-01-13,Cricket Bat,Sports,East,3.0,42.31,126.93
1025,2021-01-13,Shampoo,Beauty,East,5.0,9.57,47.85
1031,2021-01-14,Cricket Bat,Sports,South,3.0,45.2,135.6
1028,2021-01-14,Cricket Bat,Sports,West,1.0,44.08,44.08
1030,2021-01-14,Cotton T-Shirt,Clothing,West,5.0,16.73,83.65
1027,2021-01-14,Face Moisturizer,Beauty,South,3.0,17.66,52.98
1029,2021-01-14,Wireless Mouse,Electronics,North,1.0,15.93,15.93
1032,2021-01-15,Coffee Maker,Home & Kitchen,West,7.0,47.1,329.7
1033,2021-01-16,Face Moisturizer,Beauty,North,2.0,20.53,41.06
1034,2021-01-16,Face Moisturizer,Beauty,East,2.0,19.41,38.82
1036,2021-01-17,Running Shoes,Sports,West,1.0,63.52,63.52
1035,2021-01-17,Mechanical Keyboard,Electronics,South,4.0,50.21,200.84
1039,2021-01-18,Running Shoes,Sports,West,2.0,63.5,127.0
1037,2021-01-18,Cricket Bat,Sports,West,7.0,49.07,343.49
1038,2021-01-18,Non-Stick Pan,Home & Kitchen,North,7.0,27.52,192.64
1040,2021-01-19,Wireless Mouse,Electronics,North,4.0,15.41,61.64
1042,2021-01-20,Cricket Bat,Sports,West,1.0,48.27,48.27
1041,2021-01-20,Denim Jeans,Clothing,East,7.0,38.26,267.82
1043,2021-01-20,Cricket Bat,Sports,South,1.0,48.1,48.1
1044,2021-01-21,Denim Jeans,Clothing,East,7.0,42.6,298.2
1045,2021-01-21,Denim Jeans,Clothing,West,1.0,41.17,41.17
1050,2021-01-22,Face Moisturizer,Beauty,North,3.0,20.58,61.74
1046,2021-01-22,Cotton T-Shirt,Clothing,East,3.0,16.22,48.66
1047,2021-01-22,USB-C Charger,Electronics,West,6.0,13.14,78.84
1048,2021-01-22,Winter Jacket,Clothing,West,3.0,90.71,272.13
1049,2021-01-22,Bluetooth Speaker,Electronics,South,4.0,36.58,146.32
1051,2021-01-23,Mechanical Keyboard,Electronics,South,3.0,58.46,175.38
1053,2021-01-24,Winter Jacket,Clothing,East,3.0,85.15,255.45
1052,2021-01-24,Running Shoes,Sports,West,4.0,62.09,238.0
1054,2021-01-25,USB-C Charger,Electronics,South,7.0,11.55,80.85
1059,2021-01-26,Running Shoes,Sports,South,3.0,65.22,195.66
1057,2021-01-26,Bluetooth Speaker,Electronics,East,1.0,31.88,31.88
1055,2021-01-26,Wireless Mouse,Electronics,West,7.0,15.35,107.45
1058,2021-01-26,Coffee Maker,Home & Kitchen,West,6.0,56.92,341.52
1056,2021-01-26,Running Shoes,Sports,West,5.0,61.49,307.45
1061,2021-01-27,USB-C Charger,Electronics,West,2.0,12.47,24.94
1060,2021-01-27,Bed Sheet Set,Home & Kitchen,North,7.0,29.01,203.07
1062,2021-01-27,Shampoo,Beauty,South,2.0,11.33,22.66
1063,2021-01-27,Face Moisturizer,Beauty,West,2.0,18.97,37.94
1064,2021-01-27,Yoga Mat,Sports,East,2.0,19.27,38.54
1065,2021-01-28,Cotton T-Shirt,Clothing,East,6.0,14.85,89.1
1066,2021-01-28,Bed Sheet Set,Home & Kitchen,South,7.0,30.15,211.05
1068,2021-01-29,Wireless Mouse,Electronics,West,6.0,16.48,98.88
1067,2021-01-29,Cricket Bat,Sports,North,4.0,49.48,197.92
1070,2021-01-30,Denim Jeans,Clothing,East,6.0,38.87,233.22
1071,2021-01-30,Denim Jeans,Clothing,South,6.0,38.5,231.0
1069,2021-01-30,Cricket Bat,Sports,East,6.0,44.19,265.14
1072,2021-01-31,Shampoo,Beauty,South,3.0,9.32,27.96
1074,2021-02-01,Bluetooth Speaker,Electronics,South,7.0,37.62,263.34
1073,2021-02-01,Running Shoes,Sports,East,4.0,66.63,266.52
1075,2021-02-02,Mechanical Keyboard,Electronics,West,2.0,53.94,107.88
1077,2021-02-03,Shampoo,Beauty,North,4.0,10.02,40.08
1078,2021-02-03,Denim Jeans,Clothing,South,1.0,40.42,40.42
1076,2021-02-03,Running Shoes,Sports,South,5.0,55.21,276.05
1079,2021-02-04,Cotton T-Shirt,Clothing,West,5.0,14.55,72.75
1081,2021-02-05,Face Moisturizer,Beauty,West,5.0,16.62,83.1
1082,2021-02-05,Face Moisturizer,Beauty,South,6.0,19.37,116.22
1083,2021-02-05,Coffee Maker,Home & Kitchen,West,2.0,54.54,109.08
1084,2021-02-05,Running Shoes,Sports,East,4.0,56.6,226.4
1080,2021-02-05,USB-C Charger,Electronics,North,6.0,10.84,65.04
1085,2021-02-06,Mechanical Keyboard,Electronics,Unknown,7.0,49.71,347.97
1086,2021-02-06,USB-C Charger,Electronics,South,1.0,12.42,12.42
1087,2021-02-06,Bed Sheet Set,Home & Kitchen,West,7.0,34.08,238.56
1091,2021-02-07,Shampoo,Beauty,South,2.0,9.1,18.2
1088,2021-02-07,Bed Sheet Set,Home & Kitchen,East,3.0,34.06,102.18
1092,2021-02-07,Mechanical Keyboard,Electronics,East,7.0,50.48,353.36
1089,2021-02-07,USB-C Charger,Electronics,North,1.0,12.75,12.75
1090,2021-02-07,Non-Stick Pan,Home & Kitchen,Unknown,4.0,22.93,114.65
1093,2021-02-08,Mechanical Keyboard,Electronics,East,1.0,56.32,56.32
1094,2021-02-08,Denim Jeans,Clothing,North,4.0,42.29,84.58
1097,2021-02-09,Winter Jacket,Clothing,East,6.0,83.24,415.275
1095,2021-02-09,Cotton T-Shirt,Clothing,West,3.0,17.21,51.63
1096,2021-02-09,Bluetooth Speaker,Electronics,South,1.0,38.29,38.29
1098,2021-02-09,Coffee Maker,Home & Kitchen,North,7.0,54.39,380.73
1099,2021-02-10,Wireless Mouse,Electronics,North,6.0,15.36,92.16
1101,2021-02-11,Coffee Maker,Home & Kitchen,North,7.0,56.96,398.72
1100,2021-02-11,Bluetooth Speaker,Electronics,West,5.0,39.42,197.1
1104,2021-02-12,Cotton T-Shirt,Clothing,East,5.0,16.99,84.95
1102,2021-02-12,Running Shoes,Sports,East,4.0,58.93,235.72
1103,2021-02-12,Non-Stick Pan,Home & Kitchen,North,4.0,28.41,113.64
1106,2021-02-13,Mechanical Keyboard,Electronics,East,4.0,58.96,235.84
1105,2021-02-13,USB-C Charger,Electronics,East,5.0,11.85,59.25
1110,2021-02-14,Bluetooth Speaker,Electronics,North,7.0,39.44,276.08
1107,2021-02-14,Cotton T-Shirt,Clothing,South,3.0,16.15,48.45
1109,2021-02-14,Winter Jacket,Clothing,West,5.0,79.41,397.05
1108,2021-02-14,Running Shoes,Sports,North,5.0,57.5,287.5
1112,2021-02-15,Denim Jeans,Clothing,East,7.0,40.34,282.38
1111,2021-02-15,Coffee Maker,Home & Kitchen,South,7.0,50.3,352.1
1113,2021-02-15,Bed Sheet Set,Home & Kitchen,North,2.0,30.51,61.02
1114,2021-02-16,Coffee Maker,Home & Kitchen,West,5.0,55.28,276.4
1117,2021-02-17,Bed Sheet Set,Home & Kitchen,West,5.0,27.32,136.6
1115,2021-02-17,Coffee Maker,Home & Kitchen,North,1.0,55.86,55.86
1116,2021-02-17,Yoga Mat,Sports,North,6.0,22.01,132.06
1118,2021-02-18,USB-C Charger,Electronics,East,4.0,11.03,44.12
1120,2021-02-18,Shampoo,Beauty,North,5.0,10.74,53.7
1119,2021-02-18,Shampoo,Beauty,North,1.0,10.74,10.74
1124,2021-02-19,Running Shoes,Sports,North,4.0,68.79,275.16
1122,2021-02-19,Denim Jeans,Clothing,West,4.0,40.64,162.56
1123,2021-02-19,Denim Jeans,Clothing,West,2.0,38.66,77.32
1121,2021-02-19,Yoga Mat,Sports,West,4.0,19.68,78.72
1127,2021-02-20,Shampoo,Beauty,North,2.0,9.21,18.42
1128,2021-02-20,Face Moisturizer,Beauty,South,3.0,16.4,49.2
1126,2021-02-20,Yoga Mat,Sports,South,3.0,21.63,64.89
1125,2021-02-20,Bed Sheet Set,Home & Kitchen,North,6.0,27.57,165.42
1129,2021-02-21,Wireless Mouse,Electronics,South,1.0,15.3,15.3
1132,2021-02-22,Cricket Bat,Sports,Unknown,4.0,49.65,198.6
1133,2021-02-22,Shampoo,Beauty,North,6.0,11.28,67.68
1131,2021-02-22,USB-C Charger,Electronics,East,1.0,10.84,10.84
1130,2021-02-22,Wireless Mouse,Electronics,North,1.0,15.26,15.26
1137,2021-02-23,Winter Jacket,Clothing,East,2.0,81.96,163.92
1135,2021-02-23,Bed Sheet Set,Home & Kitchen,West,4.0,33.59,201.54
1136,2021-02-23,Winter Jacket,Clothing,West,2.0,79.16,158.32
1134,2021-02-23,Cotton T-Shirt,Clothing,South,1.0,17.08,17.08
1140,2021-02-24,Face Moisturizer,Beauty,South,3.0,17.16,51.48
1141,2021-02-24,Yoga Mat,Sports,West,4.0,22.9,91.6
1138,2021-02-24,Non-Stick Pan,Home & Kitchen,North,1.0,23.34,23.34
1139,2021-02-24,Shampoo,Beauty,East,7.0,10.96,76.72
1142,2021-02-24,Mechanical Keyboard,Electronics,Unknown,2.0,54.89,109.78
1145,2021-02-25,Bluetooth Speaker,Electronics,South,1.0,35.81,35.81
1143,2021-02-25,Winter Jacket,Clothing,East,4.0,77.96,311.84
1144,2021-02-25,Denim Jeans,Clothing,East,1.0,45.5,45.5
1147,2021-02-26,Non-Stick Pan,Home & Kitchen,East,7.0,23.31,163.17
1148,2021-02-26,Cricket Bat,Sports,Unknown,7.0,45.0,315.0
1146,2021-02-26,Bed Sheet Set,Home & Kitchen,South,3.0,31.35,94.05
1150,2021-02-27,Mechanical Keyboard,Electronics,North,2.0,52.58,105.16
1149,2021-02-27,Cotton T-Shirt,Clothing,East,3.0,15.43,46.29
1153,2021-02-28,Denim Jeans,Clothing,North,3.0,36.39,109.17
1151,2021-02-28,Yoga Mat,Sports,North,5.0,20.3,101.5
1152,2021-02-28,Denim Jeans,Clothing,South,2.0,37.29,74.58
1155,2021-03-01,Wireless Mouse,Electronics,South,4.0,16.52,66.08
1154,2021-03-01,Face Moisturizer,Beauty,East,7.0,17.9,125.3
1156,2021-03-02,Shampoo,Beauty,West,6.0,9.59,57.54
1157,2021-03-02,Coffee Maker,Home & Kitchen,East,6.0,51.28,304.68
1158,2021-03-03,Winter Jacket,Clothing,East,7.0,85.74,415.275
1160,2021-03-04,Shampoo,Beauty,West,1.0,10.84,10.84
1159,2021-03-04,Mechanical Keyboard,Electronics,South,6.0,56.82,340.92
1162,2021-03-05,Wireless Mouse,Electronics,North,4.0,15.28,61.12
1161,2021-03-05,Yoga Mat,Sports,South,6.0,18.6,111.6
1165,2021-03-06,Running Shoes,Sports,South,4.0,63.69,254.76
1163,2021-03-06,Yoga Mat,Sports,South,7.0,21.73,152.11
1164,2021-03-06,Wireless Mouse,Electronics,West,3.0,14.92,44.76
1168,2021-03-07,Face Moisturizer,Beauty,East,7.0,19.99,139.93
1167,2021-03-07,Bluetooth Speaker,Electronics,South,3.0,32.27,96.81
1166,2021-03-07,Yoga Mat,Sports,North,6.0,19.83,118.98
1169,2021-03-07,USB-C Charger,Electronics,East,7.0,12.03,84.21
1171,2021-03-08,Yoga Mat,Sports,North,6.0,18.85,113.1
1170,2021-03-08,Coffee Maker,Home & Kitchen,East,4.0,45.07,180.28
1175,2021-03-09,Face Moisturizer,Beauty,West,6.0,18.82,112.92
1173,2021-03-09,Bluetooth Speaker,Electronics,East,4.0,35.94,143.76
1172,2021-03-09,Coffee Maker,Home & Kitchen,North,6.0,57.1,342.6
1174,2021-03-09,Wireless Mouse,Electronics,West,4.0,16.15,113.05
1176,2021-03-10,Non-Stick Pan,Home & Kitchen,East,1.0,24.81,24.81
1179,2021-03-11,Shampoo,Beauty,West,6.0,10.03,60.18
1177,2021-03-11,Winter Jacket,Clothing,South,4.0,77.09,308.36
1178,2021-03-11,Running Shoes,Sports,North,1.0,55.75,55.75
1181,2021-03-12,USB-C Charger,Electronics,East,1.0,13.02,13.02
1183,2021-03-12,Cotton T-Shirt,Clothing,North,6.0,16.5,99.0
1180,2021-03-12,Winter Jacket,Clothing,East,1.0,76.1,76.1
1182,2021-03-12,Yoga Mat,Sports,West,5.0,18.7,93.5
1184,2021-03-13,Face Moisturizer,Beauty,South,6.0,17.81,106.86
1185,2021-03-13,Bed Sheet Set,Home & Kitchen,South,1.0,32.12,32.12
1187,2021-03-14,Cricket Bat,Sports,South,6.0,46.57,247.5
1188,2021-03-14,Winter Jacket,Clothing,East,7.0,74.34,415.275
1186,2021-03-14,Wireless Mouse,Electronics,North,1.0,16.87,16.87
1189,2021-03-14,Yoga Mat,Sports,East,7.0,21.65,151.55
1190,2021-03-14,Denim Jeans,Clothing,West,4.0,43.94,175.76
1193,2021-03-15,Denim Jeans,Clothing,North,3.0,41.17,130.65
1192,2021-03-15,Wireless Mouse,Electronics,South,4.0,15.64,62.56
1194,2021-03-15,Yoga Mat,Sports,South,5.0,18.55,92.75
1191,2021-03-15,Wireless Mouse,Electronics,North,5.0,16.42,82.10000000000001
1196,2021-03-16,Bluetooth Speaker,Electronics,West,5.0,37.8,189.0
1195,2021-03-16,Bed Sheet Set,Home & Kitchen,West,5.0,30.65,153.25
1197,2021-03-17,Running Shoes,Sports,West,3.0,68.39,205.17
1198,2021-03-17,Winter Jacket,Clothing,South,6.0,80.02,415.275
1199,2021-03-17,Shampoo,Beauty,South,6.0,10.54,63.24
1200,2021-03-18,Wireless Mouse,Electronics,East,4.0,15.72,62.88
1201,2021-03-18,Coffee Maker,Home & Kitchen,West,4.0,54.88,219.52
1202,2021-03-19,Shampoo,Beauty,South,1.0,10.44,10.44
1207,2021-03-20,Cotton T-Shirt,Clothing,South,4.0,16.45,65.8
1204,2021-03-20,Bluetooth Speaker,Electronics,South,7.0,39.56,276.92
1206,2021-03-20,Shampoo,Beauty,North,7.0,9.14,63.98
1205,2021-03-20,Shampoo,Beauty,South,7.0,9.57,66.99
1203,2021-03-20,Face Moisturizer,Beauty,North,5.0,16.94,84.7
1208,2021-03-21,Bluetooth Speaker,Electronics,North,4.0,39.55,79.1
1210,2021-03-22,Non-Stick Pan,Home & Kitchen,East,6.0,23.6,141.6
1209,2021-03-22,Wireless Mouse,Electronics,West,3.0,13.62,40.86
1212,2021-03-23,Mechanical Keyboard,Electronics,North,1.0,51.95,51.95
1211,2021-03-23,Shampoo,Beauty,East,6.0,9.55,57.3
1213,2021-03-23,Bluetooth Speaker,Electronics,North,1.0,36.38,36.38
1215,2021-03-24,USB-C Charger,Electronics,East,3.0,11.85,35.55
1214,2021-03-24,Cricket Bat,Sports,North,5.0,44.97,224.85
1219,2021-03-25,Wireless Mouse,Electronics,West,5.0,13.78,68.9
1217,2021-03-25,Mechanical Keyboard,Electronics,South,4.0,56.11,224.44
1216,2021-03-25,Wireless Mouse,Electronics,South,3.0,15.2,45.6
1218,2021-03-25,Face Moisturizer,Beauty,South,3.0,16.9,50.7
1220,2021-03-26,Cricket Bat,Sports,West,2.0,50.25,100.5
1223,2021-03-26,Winter Jacket,Clothing,South,4.0,88.0,88.0
1222,2021-03-26,Winter Jacket,Clothing,East,3.0,82.11,246.33
1221,2021-03-26,Winter Jacket,Clothing,North,1.0,76.44,76.44
1225,2021-03-27,Face Moisturizer,Beauty,East,4.0,20.45,81.8
1224,2021-03-27,Mechanical Keyboard,Electronics,East,6.0,57.79,346.74
1226,2021-03-28,Cricket Bat,Sports,West,2.0,40.65,81.3
1227,2021-03-29,Cricket Bat,Sports,North,3.0,41.88,125.64
1232,2021-03-30,Winter Jacket,Clothing,North,2.0,83.32,166.64
1230,2021-03-30,Face Moisturizer,Beauty,North,2.0,20.07,40.14
1231,2021-03-30,USB-C Charger,Electronics,West,2.0,13.09,26.18
1228,2021-03-30,Shampoo,Beauty,South,3.0,10.48,31.44
1229,2021-03-30,Coffee Maker,Home & Kitchen,West,5.0,49.31,246.55
1233,2021-03-31,Mechanical Keyboard,Electronics,East,1.0,53.19,53.19
1234,2021-03-31,Winter Jacket,Clothing,South,5.0,80.05,400.25
1235,2021-04-01,Denim Jeans,Clothing,South,5.0,41.17,188.6
1236,2021-04-01,Cricket Bat,Sports,North,3.0,49.75,149.25
1238,2021-04-02,Cricket Bat,Sports,North,2.0,42.08,84.16
1237,2021-04-02,Running Shoes,Sports,North,6.0,66.45,398.7
1239,2021-04-02,Non-Stick Pan,Home & Kitchen,North,7.0,27.96,195.72
1241,2021-04-03,Face Moisturizer,Beauty,South,6.0,16.41,98.46
1240,2021-04-03,Bed Sheet Set,Home & Kitchen,North,2.0,30.03,60.06
1242,2021-04-03,Coffee Maker,Home & Kitchen,Unknown,3.0,51.28,141.9
1243,2021-04-04,USB-C Charger,Electronics,South,5.0,11.97,59.85
1245,2021-04-05,Cricket Bat,Sports,East,6.0,42.02,252.12
1244,2021-04-05,Cricket Bat,Sports,West,3.0,51.18,153.54
1246,2021-04-06,USB-C Charger,Electronics,East,4.0,10.95,43.8
1247,2021-04-06,Face Moisturizer,Beauty,East,5.0,16.9,84.5
1249,2021-04-07,Denim Jeans,Clothing,North,7.0,36.76,257.32
1250,2021-04-07,Mechanical Keyboard,Electronics,North,4.0,59.05,236.2
1248,2021-04-07,Wireless Mouse,Electronics,North,5.0,16.08,80.4
1251,2021-04-08,Coffee Maker,Home & Kitchen,East,3.0,57.03,171.09
1252,2021-04-08,Wireless Mouse,Electronics,South,1.0,15.17,15.17
1254,2021-04-09,Running Shoes,Sports,South,6.0,68.71,412.26
1253,2021-04-09,Winter Jacket,Clothing,East,5.0,87.18,415.275
1256,2021-04-10,Wireless Mouse,Electronics,East,2.0,15.63,31.26
1255,2021-04-10,Denim Jeans,Clothing,East,2.0,41.88,83.76
1257,2021-04-10,Denim Jeans,Clothing,East,6.0,37.21,223.26
1258,2021-04-11,Non-Stick Pan,Home & Kitchen,East,5.0,25.46,127.3
1259,2021-04-11,Face Moisturizer,Beauty,West,7.0,18.25,127.75
1262,2021-04-12,Coffee Maker,Home & Kitchen,East,7.0,55.05,385.35
1261,2021-04-12,Running Shoes,Sports,East,2.0,64.87,129.74
1260,2021-04-12,Coffee Maker,Home & Kitchen,West,5.0,45.96,229.8
1264,2021-04-13,Denim Jeans,Clothing,South,6.0,41.17,216.0
1263,2021-04-13,Coffee Maker,Home & Kitchen,South,2.0,45.31,90.62
1266,2021-04-13,USB-C Charger,Electronics,East,7.0,10.83,75.81
1265,2021-04-13,Bed Sheet Set,Home & Kitchen,North,2.0,34.04,68.08
1267,2021-04-14,Wireless Mouse,Electronics,North,6.0,15.3,91.8
1268,2021-04-15,Running Shoes,Sports,North,6.0,54.05,324.3
1269,2021-04-15,Bed Sheet Set,Home & Kitchen,South,6.0,33.4,200.4
1272,2021-04-15,Shampoo,Beauty,North,1.0,10.7,10.7
1271,2021-04-15,Wireless Mouse,Electronics,North,6.0,13.67,82.02
1270,2021-04-15,Mechanical Keyboard,Electronics,South,5.0,50.08,250.4
1275,2021-04-16,Cricket Bat,Sports,West,4.0,43.11,172.44
1274,2021-04-16,Non-Stick Pan,Home & Kitchen,South,5.0,28.68,143.4
1273,2021-04-16,Yoga Mat,Sports,East,7.0,22.72,159.04
1278,2021-04-17,Yoga Mat,Sports,East,7.0,22.42,156.94
1279,2021-04-17,USB-C Charger,Electronics,West,2.0,12.38,24.76
1277,2021-04-17,Denim Jeans,Clothing,East,6.0,44.01,264.06
1276,2021-04-17,Mechanical Keyboard,Electronics,North,2.0,50.01,100.02
1280,2021-04-18,Wireless Mouse,Electronics,West,3.0,16.56,49.68
1281,2021-04-18,Yoga Mat,Sports,North,5.0,20.68,103.4
1282,2021-04-19,Cotton T-Shirt,Clothing,Unknown,3.0,14.52,43.56
1283,2021-04-19,Bed Sheet Set,Home & Kitchen,North,3.0,34.17,102.51
1284,2021-04-20,Winter Jacket,Clothing,West,7.0,72.1,415.275
1285,2021-04-20,Non-Stick Pan,Home & Kitchen,North,2.0,25.83,51.66
1286,2021-04-20,Running Shoes,Sports,West,5.0,67.42,337.1
1287,2021-04-20,Bed Sheet Set,Home & Kitchen,North,2.0,30.71,61.42
1290,2021-04-21,Coffee Maker,Home & Kitchen,North,3.0,55.84,167.52
1289,2021-04-21,Wireless Mouse,Electronics,South,3.0,16.76,50.28
1288,2021-04-21,Mechanical Keyboard,Electronics,West,3.0,61.39,184.17
1293,2021-04-22,Non-Stick Pan,Home & Kitchen,North,6.0,28.18,169.08
1291,2021-04-22,Non-Stick Pan,Home & Kitchen,North,2.0,25.41,50.82
1292,2021-04-22,Shampoo,Beauty,East,2.0,9.32,18.64
1295,2021-04-22,Bed Sheet Set,Home & Kitchen,West,7.0,28.45,199.15
1294,2021-04-22,Mechanical Keyboard,Electronics,West,2.0,60.94,121.88
1296,2021-04-22,Bed Sheet Set,Home & Kitchen,South,3.0,34.36,103.08
1298,2021-04-23,Cricket Bat,Sports,South,1.0,51.33,51.33
1299,2021-04-23,Shampoo,Beauty,West,4.0,9.45,37.8
1297,2021-04-23,USB-C Charger,Electronics,West,6.0,11.65,69.9
1300,2021-04-24,Bluetooth Speaker,Electronics,East,1.0,38.25,38.25
1301,2021-04-24,Wireless Mouse,Electronics,South,4.0,14.8,88.8
1302,2021-04-24,Denim Jeans,Clothing,West,3.0,44.52,133.56
1304,2021-04-25,Shampoo,Beauty,West,3.0,9.63,28.89
1303,2021-04-25,Bed Sheet Set,Home & Kitchen,East,1.0,29.43,29.43
1307,2021-04-25,Cotton T-Shirt,Clothing,Unknown,7.0,16.48,115.36
1306,2021-04-25,Bed Sheet Set,Home & Kitchen,West,1.0,27.77,27.77
1305,2021-04-25,Cricket Bat,Sports,South,2.0,43.58,87.16
1309,2021-04-26,USB-C Charger,Electronics,North,6.0,11.25,67.5
1308,2021-04-26,Face Moisturizer,Beauty,West,6.0,16.79,100.74
1310,2021-04-27,Cotton T-Shirt,Clothing,North,3.0,14.67,44.01
1311,2021-04-27,Denim Jeans,Clothing,West,6.0,38.3,229.8
1313,2021-04-27,Coffee Maker,Home & Kitchen,South,7.0,50.89,356.23
1312,2021-04-27,Bed Sheet Set,Home & Kitchen,East,1.0,31.89,31.89
1314,2021-04-28,Cotton T-Shirt,Clothing,North,5.0,16.41,82.05
1315,2021-04-29,Running Shoes,Sports,West,4.0,68.51,274.04
1317,2021-04-29,Face Moisturizer,Beauty,East,1.0,18.93,18.93
1316,2021-04-29,Bluetooth Speaker,Electronics,South,7.0,35.71,249.97
1318,2021-04-29,Bluetooth Speaker,Electronics,West,1.0,33.25,33.25
1319,2021-04-30,Yoga Mat,Sports,North,5.0,20.95,104.75
1321,2021-05-01,Face Moisturizer,Beauty,East,7.0,19.45,136.15
1320,2021-05-01,Running Shoes,Sports,South,6.0,59.89,359.34
1323,2021-05-02,Yoga Mat,Sports,South,4.0,21.51,86.04
1327,2021-05-02,Yoga Mat,Sports,East,2.0,22.89,45.78
1322,2021-05-02,Coffee Maker,Home & Kitchen,North,6.0,46.78,280.68
1326,2021-05-02,Face Moisturizer,Beauty,North,5.0,16.55,82.75
1325,2021-05-02,Mechanical Keyboard,Electronics,North,1.0,61.63,61.63
1324,2021-05-02,Denim Jeans,Clothing,West,2.0,39.26,78.52
1328,2021-05-03,Coffee Maker,Home & Kitchen,North,3.0,46.55,139.65
1330,2021-05-03,Cricket Bat,Sports,East,1.0,48.48,48.48
1329,2021-05-03,Non-Stick Pan,Home & Kitchen,South,1.0,28.35,28.35
1331,2021-05-04,Bluetooth Speaker,Electronics,West,4.0,36.73,146.92
1332,2021-05-04,Yoga Mat,Sports,South,7.0,21.22,148.54
1334,2021-05-04,Mechanical Keyboard,Electronics,South,4.0,52.9,211.6
1333,2021-05-04,Cotton T-Shirt,Clothing,West,2.0,15.14,30.28
1335,2021-05-04,Bed Sheet Set,Home & Kitchen,North,5.0,31.62,158.1
1337,2021-05-05,USB-C Charger,Electronics,South,5.0,13.79,68.95
1338,2021-05-05,Cotton T-Shirt,Clothing,East,3.0,13.81,41.43
1336,2021-05-05,USB-C Charger,Electronics,West,2.0,10.86,415.275
1339,2021-05-05,USB-C Charger,Electronics,East,5.0,11.02,55.1
1340,2021-05-06,Wireless Mouse,Electronics,East,4.0,14.15,56.6
1344,2021-05-07,Yoga Mat,Sports,East,2.0,22.96,45.92
1345,2021-05-07,Denim Jeans,Clothing,South,5.0,38.11,190.55
1346,2021-05-07,Bed Sheet Set,Home & Kitchen,South,5.0,32.5,162.5
1343,2021-05-07,Bluetooth Speaker,Electronics,South,7.0,39.38,275.66
1341,2021-05-07,Mechanical Keyboard,Electronics,North,3.0,57.46,172.38
1342,2021-05-07,Bluetooth Speaker,Electronics,South,5.0,34.96,174.8
1348,2021-05-08,Mechanical Keyboard,Electronics,East,5.0,61.25,306.25
1347,2021-05-08,Cricket Bat,Sports,South,4.0,44.69,178.76
1350,2021-05-09,Cricket Bat,Sports,South,1.0,44.9,44.9
1349,2021-05-09,Winter Jacket,Clothing,East,1.0,85.25,85.25
1351,2021-05-09,Cotton T-Shirt,Clothing,West,2.0,16.72,33.44
1352,2021-05-10,Wireless Mouse,Electronics,West,4.0,13.99,55.96
1353,2021-05-11,Face Moisturizer,Beauty,West,2.0,18.22,36.44
1354,2021-05-11,Coffee Maker,Home & Kitchen,South,1.0,50.39,50.39
1355,2021-05-11,Bluetooth Speaker,Electronics,West,3.0,39.8,119.4
1357,2021-05-12,Running Shoes,Sports,North,1.0,64.58,64.58
1356,2021-05-12,Non-Stick Pan,Home & Kitchen,North,7.0,26.65,186.55
1359,2021-05-13,Bluetooth Speaker,Electronics,South,5.0,37.1,185.5
1360,2021-05-13,USB-C Charger,Electronics,South,5.0,13.6,68.0
1361,2021-05-13,Running Shoes,Sports,North,1.0,62.77,62.77
1358,2021-05-13,Face Moisturizer,Beauty,South,1.0,18.59,18.59
1362,2021-05-14,Face Moisturizer,Beauty,South,1.0,19.08,19.08
1364,2021-05-14,Non-Stick Pan,Home & Kitchen,South,7.0,26.67,186.69
1363,2021-05-14,Cotton T-Shirt,Clothing,East,7.0,14.45,101.15
1365,2021-05-15,Bed Sheet Set,Home & Kitchen,West,2.0,28.51,57.02
1367,2021-05-16,Yoga Mat,Sports,East,2.0,21.31,42.62
1366,2021-05-16,Winter Jacket,Clothing,North,6.0,89.36,415.275
1369,2021-05-17,Winter Jacket,Clothing,North,4.0,74.26,297.04
1368,2021-05-17,Mechanical Keyboard,Electronics,North,2.0,61.45,122.9
1373,2021-05-18,Non-Stick Pan,Home & Kitchen,West,2.0,25.03,50.06
1370,2021-05-18,Mechanical Keyboard,Electronics,South,6.0,53.87,323.22
1371,2021-05-18,Wireless Mouse,Electronics,North,1.0,16.77,16.77
1375,2021-05-18,Mechanical Keyboard,Electronics,South,5.0,60.47,302.35
1376,2021-05-18,USB-C Charger,Electronics,North,3.0,11.93,35.79
1374,2021-05-18,Face Moisturizer,Beauty,West,6.0,18.17,109.02
1372,2021-05-18,Cotton T-Shirt,Clothing,North,5.0,14.58,72.9
1378,2021-05-19,Running Shoes,Sports,East,4.0,62.23,248.92
1377,2021-05-19,Wireless Mouse,Electronics,West,2.0,14.99,29.98
1381,2021-05-20,Denim Jeans,Clothing,West,2.0,40.79,81.58
1380,2021-05-20,Mechanical Keyboard,Electronics,South,1.0,54.72,54.72
1379,2021-05-20,Non-Stick Pan,Home & Kitchen,East,6.0,26.52,159.12
1382,2021-05-21,Denim Jeans,Clothing,North,4.0,37.49,149.96
1384,2021-05-22,Mechanical Keyboard,Electronics,West,3.0,56.67,170.01
1383,2021-05-22,Non-Stick Pan,Home & Kitchen,West,7.0,27.58,193.06
1386,2021-05-23,Shampoo,Beauty,West,5.0,10.2,51.0
1387,2021-05-23,USB-C Charger,Electronics,South,6.0,12.26,73.56
1385,2021-05-23,Shampoo,Beauty,North,4.0,11.32,45.28
1388,2021-05-24,Non-Stick Pan,Home & Kitchen,North,7.0,25.83,180.81
1389,2021-05-25,Face Moisturizer,Beauty,Unknown,2.0,17.43,34.86
1390,2021-05-26,Non-Stick Pan,Home & Kitchen,East,7.0,27.87,195.09
1392,2021-05-27,Bluetooth Speaker,Electronics,West,4.0,32.26,129.04
1391,2021-05-27,Wireless Mouse,Electronics,South,5.0,14.46,72.3
1393,2021-05-28,Bed Sheet Set,Home & Kitchen,East,6.0,33.14,198.84
1395,2021-05-28,Shampoo,Beauty,South,4.0,9.9,19.8
1394,2021-05-28,Yoga Mat,Sports,West,1.0,21.97,21.97
1397,2021-05-29,Denim Jeans,Clothing,North,2.0,43.67,87.34
1396,2021-05-29,Winter Jacket,Clothing,East,4.0,80.47,321.88
1398,2021-05-29,Denim Jeans,Clothing,North,7.0,41.87,293.09
1399,2021-05-29,Shampoo,Beauty,North,3.0,11.17,33.51
1400,2021-05-30,Running Shoes,Sports,East,3.0,63.11,189.33
1401,2021-05-30,Non-Stick Pan,Home & Kitchen,South,4.0,24.94,24.94
1402,2021-05-31,Running Shoes,Sports,South,3.0,60.64,181.92
1404,2021-05-31,Cricket Bat,Sports,West,4.0,49.71,198.84
1403,2021-05-31,Bed Sheet Set,Home & Kitchen,East,1.0,32.19,32.19
1406,2021-06-01,Winter Jacket,Clothing,North,3.0,78.87,236.61
1408,2021-06-01,Mechanical Keyboard,Electronics,West,5.0,50.46,252.3
1405,2021-06-01,Running Shoes,Sports,North,4.0,56.88,227.52
1407,2021-06-01,Cricket Bat,Sports,West,5.0,46.57,231.7
1411,2021-06-02,USB-C Charger,Electronics,Unknown,7.0,12.2,85.4
1410,2021-06-02,Cricket Bat,Sports,West,2.0,44.58,89.16
1412,2021-06-02,Winter Jacket,Clothing,South,4.0,73.78,295.12
1409,2021-06-02,Denim Jeans,Clothing,East,6.0,42.69,256.14
1413,2021-06-03,Face Moisturizer,Beauty,North,7.0,19.6,137.2
1416,2021-06-03,Coffee Maker,Home & Kitchen,East,6.0,57.41,344.46
1415,2021-06-03,USB-C Charger,Electronics,West,6.0,11.5,69.0
1414,2021-06-03,Wireless Mouse,Electronics,West,4.0,17.18,68.72
1417,2021-06-04,Cricket Bat,Sports,West,1.0,47.35,47.35
1421,2021-06-04,Non-Stick Pan,Home & Kitchen,North,1.0,25.69,25.69
1419,2021-06-04,Face Moisturizer,Beauty,West,1.0,17.22,17.22
1418,2021-06-04,Coffee Maker,Home & Kitchen,South,4.0,53.86,215.44
1420,2021-06-04,Bed Sheet Set,Home & Kitchen,South,1.0,27.66,27.66
1425,2021-06-05,USB-C Charger,Electronics,South,2.0,13.4,26.8
1423,2021-06-05,Running Shoes,Sports,West,4.0,61.52,123.04
1422,2021-06-05,Yoga Mat,Sports,East,7.0,22.96,160.72
1424,2021-06-05,Wireless Mouse,Electronics,Unknown,6.0,16.57,99.42
1428,2021-06-06,Denim Jeans,Clothing,North,2.0,37.33,74.66
1426,2021-06-06,Running Shoes,Sports,East,2.0,56.31,112.62
1427,2021-06-06,USB-C Charger,Electronics,South,6.0,13.73,82.38
1430,2021-06-07,Bed Sheet Set,Home & Kitchen,North,2.0,30.68,55.02
1431,2021-06-07,Mechanical Keyboard,Electronics,West,1.0,52.7,52.7
1429,2021-06-07,USB-C Charger,Electronics,East,1.0,13.28,13.28
1432,2021-06-07,Bed Sheet Set,Home & Kitchen,West,4.0,34.24,136.96
1433,2021-06-07,Coffee Maker,Home & Kitchen,North,7.0,51.33,359.31
1434,2021-06-08,Yoga Mat,Sports,West,5.0,18.09,90.45
1437,2021-06-09,Shampoo,Beauty,North,7.0,9.6,67.2
1435,2021-06-09,Mechanical Keyboard,Electronics,South,1.0,50.3,50.3
1436,2021-06-09,Non-Stick Pan,Home & Kitchen,South,5.0,26.37,131.85
1438,2021-06-10,Face Moisturizer,Beauty,South,3.0,17.0,51.0
1439,2021-06-11,Coffee Maker,Home & Kitchen,West,5.0,52.8,264.0
1442,2021-06-11,Bed Sheet Set,Home & Kitchen,East,7.0,30.94,216.58
1441,2021-06-11,Running Shoes,Sports,West,7.0,60.75,415.275
1440,2021-06-11,Coffee Maker,Home & Kitchen,South,7.0,54.05,378.35
1444,2021-06-12,Non-Stick Pan,Home & Kitchen,North,6.0,27.44,164.64
1443,2021-06-12,Running Shoes,Sports,South,7.0,60.24,415.275
1445,2021-06-13,Bed Sheet Set,Home & Kitchen,North,2.0,28.81,57.62
1446,2021-06-13,Running Shoes,Sports,North,2.0,54.97,109.94
1447,2021-06-13,Bluetooth Speaker,Electronics,North,3.0,33.83,101.49
1450,2021-06-14,Bluetooth Speaker,Electronics,North,6.0,34.93,209.58
1449,2021-06-14,Coffee Maker,Home & Kitchen,South,3.0,49.7,149.1
1448,2021-06-14,Face Moisturizer,Beauty,West,2.0,17.66,35.32
1452,2021-06-15,Coffee Maker,Home & Kitchen,West,5.0,48.49,242.45
1451,2021-06-15,Winter Jacket,Clothing,North,1.0,85.76,85.76
1457,2021-06-16,Wireless Mouse,Electronics,Unknown,3.0,13.77,41.31
1455,2021-06-16,Coffee Maker,Home & Kitchen,North,7.0,53.5,374.5
1454,2021-06-16,Coffee Maker,Home & Kitchen,East,5.0,46.88,234.4
1456,2021-06-16,Bed Sheet Set,Home & Kitchen,West,1.0,32.6,32.6
1453,2021-06-16,Yoga Mat,Sports,West,1.0,21.07,21.07
1458,2021-06-17,Running Shoes,Sports,West,5.0,59.81,299.05
1462,2021-06-18,Winter Jacket,Clothing,North,1.0,79.64,79.64
1463,2021-06-18,Mechanical Keyboard,Electronics,East,1.0,53.01,53.01
1459,2021-06-18,Running Shoes,Sports,South,6.0,65.47,392.82
1464,2021-06-18,Bluetooth Speaker,Electronics,South,1.0,37.13,37.13
1461,2021-06-18,Coffee Maker,Home & Kitchen,North,7.0,54.78,383.46
1460,2021-06-18,Denim Jeans,Clothing,South,7.0,36.82,257.74
1465,2021-06-19,Mechanical Keyboard,Electronics,South,5.0,51.22,256.1
1466,2021-06-20,Bed Sheet Set,Home & Kitchen,North,7.0,30.91,216.37
1468,2021-06-21,Cotton T-Shirt,Clothing,West,3.0,15.56,46.68
1467,2021-06-21,Wireless Mouse,Electronics,West,2.0,14.34,28.68
1470,2021-06-22,Face Moisturizer,Beauty,North,5.0,17.49,87.45
1469,2021-06-22,Bluetooth Speaker,Electronics,North,4.0,33.23,132.92
1471,2021-06-23,Winter Jacket,Clothing,South,6.0,87.53,415.275
1473,2021-06-23,Yoga Mat,Sports,East,1.0,22.69,22.69
1474,2021-06-23,Bed Sheet Set,Home & Kitchen,North,2.0,27.81,55.62
1476,2021-06-23,Shampoo,Beauty,East,3.0,9.38,28.14
1475,2021-06-23,Running Shoes,Sports,East,4.0,66.27,265.08
1472,2021-06-23,Coffee Maker,Home & Kitchen,West,3.0,49.0,147.0
1478,2021-06-24,Cricket Bat,Sports,West,7.0,50.37,352.59
1477,2021-06-24,Yoga Mat,Sports,East,7.0,21.44,150.08
1480,2021-06-24,Winter Jacket,Clothing,Unknown,4.0,86.53,346.12
1479,2021-06-24,Running Shoes,Sports,East,2.0,62.37,124.74
1482,2021-06-25,Running Shoes,Sports,West,6.0,63.24,379.44
1481,2021-06-25,Denim Jeans,Clothing,South,3.0,39.11,117.33
1484,2021-06-26,Denim Jeans,Clothing,South,4.0,43.46,173.84
1483,2021-06-26,Bluetooth Speaker,Electronics,West,6.0,35.94,233.52
1485,2021-06-27,USB-C Charger,Electronics,East,7.0,12.21,85.47
1486,2021-06-27,USB-C Charger,Electronics,North,2.0,11.9,23.8
1487,2021-06-27,Bed Sheet Set,Home & Kitchen,West,4.0,32.85,131.4
1488,2021-06-28,Yoga Mat,Sports,North,6.0,21.48,128.88
1489,2021-06-29,Yoga Mat,Sports,South,4.0,18.91,75.64
1492,2021-06-30,Face Moisturizer,Beauty,South,3.0,17.41,52.23
1490,2021-06-30,Running Shoes,Sports,West,2.0,62.42,124.84
1491,2021-06-30,Bluetooth Speaker,Electronics,West,6.0,35.76,214.56
1493,2021-06-30,Coffee Maker,Home & Kitchen,East,1.0,52.96,52.96
1494,2021-07-01,Bluetooth Speaker,Electronics,West,3.0,35.35,106.05
1496,2021-07-01,Wireless Mouse,Electronics,South,7.0,14.33,100.31
1497,2021-07-01,Non-Stick Pan,Home & Kitchen,West,4.0,27.29,81.87
1495,2021-07-01,Bluetooth Speaker,Electronics,South,7.0,37.94,265.58
1498,2021-07-02,Yoga Mat,Sports,West,4.0,21.93,87.72
1499,2021-07-02,Non-Stick Pan,Home & Kitchen,East,6.0,28.69,172.14
1504,2021-07-03,Running Shoes,Sports,West,4.0,60.53,60.53
1505,2021-07-03,Running Shoes,Sports,West,6.0,63.47,380.82
1502,2021-07-03,USB-C Charger,Electronics,North,3.0,11.58,34.74
1501,2021-07-03,Bed Sheet Set,Home & Kitchen,South,1.0,33.97,33.97
1503,2021-07-03,Face Moisturizer,Beauty,South,3.0,17.9,53.7
1500,2021-07-03,Non-Stick Pan,Home & Kitchen,North,6.0,27.7,166.2
1506,2021-07-04,Cricket Bat,Sports,South,3.0,46.57,136.23
1509,2021-07-05,Coffee Maker,Home & Kitchen,South,6.0,45.45,272.7
1507,2021-07-05,Coffee Maker,Home & Kitchen,North,7.0,56.53,395.71
1508,2021-07-05,Cotton T-Shirt,Clothing,West,5.0,13.76,68.8
1513,2021-07-06,Cotton T-Shirt,Clothing,North,4.0,14.68,58.72
1511,2021-07-06,Coffee Maker,Home & Kitchen,North,5.0,55.66,278.3
1512,2021-07-06,Non-Stick Pan,Home & Kitchen,West,2.0,28.17,56.34
1510,2021-07-06,Shampoo,Beauty,South,1.0,10.94,10.94
1514,2021-07-07,Winter Jacket,Clothing,East,4.0,74.56,298.24
1515,2021-07-07,Cricket Bat,Sports,North,4.0,49.81,99.62
1516,2021-07-08,Cricket Bat,Sports,South,5.0,46.86,234.3
1519,2021-07-08,Mechanical Keyboard,Electronics,North,4.0,55.25,221.0
1517,2021-07-08,USB-C Charger,Electronics,East,1.0,13.64,13.64
1518,2021-07-08,Coffee Maker,Home & Kitchen,North,5.0,46.43,232.15
1520,2021-07-09,Winter Jacket,Clothing,North,5.0,89.2,415.275
1521,2021-07-09,Denim Jeans,Clothing,East,1.0,43.92,43.92
1525,2021-07-10,Winter Jacket,Clothing,East,6.0,88.13,415.275
1524,2021-07-10,USB-C Charger,Electronics,North,7.0,12.44,87.08
1523,2021-07-10,Mechanical Keyboard,Electronics,Unknown,2.0,61.35,122.7
1522,2021-07-10,Running Shoes,Sports,South,6.0,62.09,400.5
1526,2021-07-11,Shampoo,Beauty,North,7.0,11.18,78.26
1527,2021-07-12,Winter Jacket,Clothing,North,7.0,89.59,415.275
1528,2021-07-12,Coffee Maker,Home & Kitchen,South,3.0,56.83,170.49
1529,2021-07-12,Winter Jacket,Clothing,South,4.0,87.44,349.76
1530,2021-07-13,Cotton T-Shirt,Clothing,West,6.0,14.79,88.74
1531,2021-07-14,Cricket Bat,Sports,North,3.0,44.78,134.34
1533,2021-07-14,Coffee Maker,Home & Kitchen,South,4.0,54.91,219.64
1532,2021-07-14,USB-C Charger,Electronics,North,3.0,11.39,34.17
1539,2021-07-15,Face Moisturizer,Beauty,South,3.0,20.17,60.51
1538,2021-07-15,Non-Stick Pan,Home & Kitchen,North,4.0,27.49,109.96
1537,2021-07-15,Wireless Mouse,Electronics,East,5.0,16.25,81.25
1535,2021-07-15,USB-C Charger,Electronics,North,3.0,13.49,40.47
1534,2021-07-15,Bluetooth Speaker,Electronics,South,4.0,32.95,131.8
1536,2021-07-15,Non-Stick Pan,Home & Kitchen,West,6.0,23.38,140.28
1545,2021-07-16,Mechanical Keyboard,Electronics,South,3.0,59.94,179.82
1543,2021-07-16,Face Moisturizer,Beauty,South,5.0,20.58,102.9
1542,2021-07-16,Bluetooth Speaker,Electronics,North,4.0,39.29,157.16
1541,2021-07-16,Non-Stick Pan,Home & Kitchen,North,1.0,23.08,23.08
1544,2021-07-16,Coffee Maker,Home & Kitchen,North,1.0,55.24,55.24
1546,2021-07-16,Cotton T-Shirt,Clothing,East,2.0,16.58,33.16
1540,2021-07-16,Yoga Mat,Sports,South,7.0,21.28,148.96
1550,2021-07-17,Mechanical Keyboard,Electronics,South,3.0,58.45,175.35
1549,2021-07-17,Bluetooth Speaker,Electronics,South,1.0,37.97,37.97
1548,2021-07-17,Denim Jeans,Clothing,South,1.0,38.4,38.4
1547,2021-07-17,Denim Jeans,Clothing,West,5.0,37.13,185.65
1553,2021-07-18,Yoga Mat,Sports,North,4.0,19.14,76.56
1554,2021-07-18,Winter Jacket,Clothing,Unknown,4.0,73.54,415.275
1552,2021-07-18,Winter Jacket,Clothing,Unknown,4.0,85.63,342.52
1555,2021-07-18,USB-C Charger,Electronics,West,2.0,12.34,24.68
1551,2021-07-18,Bluetooth Speaker,Electronics,North,2.0,34.34,68.68
1556,2021-07-19,Running Shoes,Sports,North,6.0,65.39,392.34
1557,2021-07-19,Bluetooth Speaker,Electronics,West,1.0,38.2,38.2
1562,2021-07-20,Cricket Bat,Sports,South,1.0,43.79,43.79
1558,2021-07-20,Non-Stick Pan,Home & Kitchen,South,6.0,25.38,152.28
1559,2021-07-20,Bluetooth Speaker,Electronics,North,6.0,34.83,208.98
1560,2021-07-20,Face Moisturizer,Beauty,East,6.0,18.36,110.16
1561,2021-07-20,Wireless Mouse,Electronics,North,6.0,16.94,101.64
1565,2021-07-21,Shampoo,Beauty,West,6.0,9.55,57.3
1564,2021-07-21,Coffee Maker,Home & Kitchen,East,1.0,48.52,48.52
1563,2021-07-21,Cricket Bat,Sports,South,7.0,46.79,327.53
1566,2021-07-22,Wireless Mouse,Electronics,South,1.0,13.55,13.55
1569,2021-07-23,Cotton T-Shirt,Clothing,North,6.0,14.78,88.68
1567,2021-07-23,Non-Stick Pan,Home & Kitchen,South,6.0,26.24,157.44
1568,2021-07-23,Non-Stick Pan,Home & Kitchen,West,4.0,27.83,111.32
1571,2021-07-24,Shampoo,Beauty,North,5.0,9.63,48.15
1570,2021-07-24,Non-Stick Pan,Home & Kitchen,West,6.0,27.85,167.1
1572,2021-07-24,Running Shoes,Sports,Unknown,4.0,55.72,222.88
1574,2021-07-24,USB-C Charger,Electronics,North,2.0,13.44,26.88
1573,2021-07-24,Bed Sheet Set,Home & Kitchen,North,5.0,27.24,136.2
1575,2021-07-25,Coffee Maker,Home & Kitchen,Unknown,7.0,51.28,327.04
1576,2021-07-25,USB-C Charger,Electronics,South,4.0,12.13,48.52
1577,2021-07-25,Winter Jacket,Clothing,North,3.0,80.9,242.70000000000002
1579,2021-07-26,Yoga Mat,Sports,West,2.0,19.36,38.72
1580,2021-07-26,Non-Stick Pan,Home & Kitchen,East,1.0,25.66,25.66
1578,2021-07-26,Bluetooth Speaker,Electronics,South,4.0,35.77,143.08
1581,2021-07-27,Cotton T-Shirt,Clothing,South,1.0,13.65,13.65
1582,2021-07-28,Bed Sheet Set,Home & Kitchen,North,3.0,28.47,85.41
1584,2021-07-28,Wireless Mouse,Electronics,North,5.0,13.52,67.6
1585,2021-07-28,Face Moisturizer,Beauty,North,6.0,19.95,119.7
1583,2021-07-28,USB-C Charger,Electronics,West,5.0,12.22,61.1
1586,2021-07-29,Face Moisturizer,Beauty,South,3.0,16.4,49.2
1587,2021-07-29,Cotton T-Shirt,Clothing,North,5.0,14.57,72.85
1588,2021-07-29,Wireless Mouse,Electronics,West,5.0,14.79,73.95
1589,2021-07-30,Face Moisturizer,Beauty,North,1.0,17.95,17.95
1590,2021-07-30,USB-C Charger,Electronics,West,5.0,12.94,64.7
1591,2021-07-30,Coffee Maker,Home & Kitchen,North,1.0,55.3,55.3
1592,2021-07-30,Cricket Bat,Sports,West,2.0,48.62,97.24
1593,2021-07-30,Cotton T-Shirt,Clothing,East,4.0,13.69,82.14
1594,2021-07-31,Shampoo,Beauty,West,2.0,9.64,19.28
1597,2021-08-01,Cricket Bat,Sports,South,7.0,47.77,334.39
1596,2021-08-01,Coffee Maker,Home & Kitchen,South,3.0,49.43,148.29
1595,2021-08-01,Shampoo,Beauty,West,4.0,11.25,45.0
1599,2021-08-02,Bluetooth Speaker,Electronics,South,3.0,37.98,415.275
1601,2021-08-02,Winter Jacket,Clothing,South,1.0,85.9,85.9
1600,2021-08-02,Bed Sheet Set,Home & Kitchen,South,3.0,31.0,93.0
1598,2021-08-02,Cotton T-Shirt,Clothing,North,7.0,16.78,117.46
1603,2021-08-03,Wireless Mouse,Electronics,East,7.0,15.25,106.75
1602,2021-08-03,Shampoo,Beauty,South,5.0,9.31,46.55
1604,2021-08-04,Running Shoes,Sports,South,3.0,60.45,181.35
1606,2021-08-05,USB-C Charger,Electronics,East,4.0,12.54,50.16
1605,2021-08-05,Denim Jeans,Clothing,South,4.0,38.26,153.04
1607,2021-08-06,Non-Stick Pan,Home & Kitchen,West,2.0,24.81,49.62
1608,2021-08-07,Coffee Maker,Home & Kitchen,North,7.0,51.4,359.8
1609,2021-08-08,Wireless Mouse,Electronics,North,7.0,14.08,98.56
1610,2021-08-08,Bed Sheet Set,Home & Kitchen,South,4.0,29.84,119.36
1611,2021-08-09,Shampoo,Beauty,East,3.0,10.02,30.06
1613,2021-08-10,Shampoo,Beauty,West,1.0,9.35,9.35
1612,2021-08-10,Bluetooth Speaker,Electronics,West,4.0,36.4,145.6
1614,2021-08-10,Running Shoes,Sports,South,3.0,61.98,185.94
1615,2021-08-11,Face Moisturizer,Beauty,Unknown,3.0,17.95,53.85
1616,2021-08-12,Non-Stick Pan,Home & Kitchen,North,7.0,25.55,178.85
1618,2021-08-13,Bluetooth Speaker,Electronics,South,4.0,36.27,145.08
1617,2021-08-13,Coffee Maker,Home & Kitchen,North,3.0,56.11,168.33
1619,2021-08-14,Non-Stick Pan,Home & Kitchen,East,6.0,24.93,149.58
1621,2021-08-15,Bed Sheet Set,Home & Kitchen,South,5.0,33.25,166.25
1620,2021-08-15,Running Shoes,Sports,North,1.0,61.98,61.98
1622,2021-08-16,USB-C Charger,Electronics,South,1.0,12.32,12.32
1623,2021-08-16,Shampoo,Beauty,West,5.0,11.42,57.1
1626,2021-08-17,Coffee Maker,Home & Kitchen,South,6.0,52.12,312.72
1625,2021-08-17,Bluetooth Speaker,Electronics,East,5.0,35.94,201.0
1624,2021-08-17,USB-C Charger,Electronics,North,7.0,13.25,92.75
1628,2021-08-18,Yoga Mat,Sports,East,7.0,22.82,159.74
1627,2021-08-18,Coffee Maker,Home & Kitchen,North,1.0,53.89,53.89
1632,2021-08-19,Denim Jeans,Clothing,West,4.0,40.83,163.32
1630,2021-08-19,Winter Jacket,Clothing,West,1.0,89.54,89.54
1629,2021-08-19,Non-Stick Pan,Home & Kitchen,East,4.0,22.86,91.44
1631,2021-08-19,Coffee Maker,Home & Kitchen,South,1.0,56.86,56.86
1634,2021-08-20,Non-Stick Pan,Home & Kitchen,West,1.0,24.76,24.76
1635,2021-08-20,Wireless Mouse,Electronics,East,5.0,17.18,85.9
1633,2021-08-20,Wireless Mouse,Electronics,South,7.0,14.95,104.65
1638,2021-08-21,USB-C Charger,Electronics,East,6.0,11.57,69.42
1639,2021-08-21,Running Shoes,Sports,North,7.0,63.4,415.275
1640,2021-08-21,Shampoo,Beauty,East,2.0,10.19,20.38
1636,2021-08-21,Cotton T-Shirt,Clothing,West,4.0,13.51,54.04
1637,2021-08-21,Wireless Mouse,Electronics,North,1.0,16.85,16.85
1643,2021-08-22,Shampoo,Beauty,East,3.0,9.5,28.5
1642,2021-08-22,Winter Jacket,Clothing,East,6.0,91.15,415.275
1641,2021-08-22,Face Moisturizer,Beauty,North,4.0,19.82,79.28
1644,2021-08-23,Face Moisturizer,Beauty,East,3.0,19.52,58.56
1646,2021-08-24,Cotton T-Shirt,Clothing,East,1.0,16.67,16.67
1645,2021-08-24,Winter Jacket,Clothing,West,5.0,88.44,415.275
1647,2021-08-25,Cotton T-Shirt,Clothing,South,6.0,14.55,87.3
1648,2021-08-26,Non-Stick Pan,Home & Kitchen,East,3.0,26.45,79.35
1649,2021-08-27,USB-C Charger,Electronics,East,6.0,11.7,70.2
1650,2021-08-27,Winter Jacket,Clothing,North,7.0,88.84,415.275
1651,2021-08-28,Denim Jeans,Clothing,North,7.0,38.11,266.77
1652,2021-08-28,Mechanical Keyboard,Electronics,East,3.0,60.55,181.65
1654,2021-08-29,Bed Sheet Set,Home & Kitchen,North,3.0,29.68,89.04
1655,2021-08-29,Cotton T-Shirt,Clothing,North,6.0,14.2,85.2
1653,2021-08-29,Wireless Mouse,Electronics,Unknown,1.0,14.32,14.32
1656,2021-08-29,Cricket Bat,Sports,East,6.0,45.61,273.66
1660,2021-08-30,Shampoo,Beauty,South,2.0,9.33,18.66
1658,2021-08-30,Yoga Mat,Sports,South,7.0,18.6,130.2
1659,2021-08-30,Non-Stick Pan,Home & Kitchen,East,2.0,25.01,50.02
1657,2021-08-30,Face Moisturizer,Beauty,West,5.0,19.82,99.1
1661,2021-08-31,Coffee Maker,Home & Kitchen,Unknown,7.0,46.28,323.96
1662,2021-09-01,Wireless Mouse,Electronics,East,2.0,15.25,30.5
1663,2021-09-01,Yoga Mat,Sports,North,4.0,21.7,86.8
1664,2021-09-01,Bed Sheet Set,Home & Kitchen,West,3.0,33.2,99.6
1665,2021-09-02,Mechanical Keyboard,Electronics,West,4.0,60.35,241.4
1667,2021-09-03,Coffee Maker,Home & Kitchen,East,1.0,53.8,53.8
1669,2021-09-03,Non-Stick Pan,Home & Kitchen,North,5.0,28.54,142.7
1668,2021-09-03,Denim Jeans,Clothing,East,7.0,38.54,269.78
1670,2021-09-03,Coffee Maker,Home & Kitchen,East,1.0,53.45,53.45
1666,2021-09-03,Denim Jeans,Clothing,East,2.0,41.65,83.3
1672,2021-09-04,Cricket Bat,Sports,West,1.0,46.57,45.85
1673,2021-09-04,Mechanical Keyboard,Electronics,West,6.0,60.1,360.6
1671,2021-09-04,Running Shoes,Sports,South,1.0,59.4,59.4
1674,2021-09-05,Cricket Bat,Sports,North,5.0,45.19,225.95
1676,2021-09-06,Cricket Bat,Sports,North,5.0,43.82,219.1
1678,2021-09-06,USB-C Charger,Electronics,West,6.0,12.73,76.38
1677,2021-09-06,Winter Jacket,Clothing,West,7.0,82.11,415.275
1675,2021-09-06,Winter Jacket,Clothing,South,1.0,87.92,87.92
1679,2021-09-07,Bluetooth Speaker,Electronics,North,4.0,31.88,127.52
1680,2021-09-07,Bed Sheet Set,Home & Kitchen,North,1.0,27.84,27.84
1681,2021-09-08,Running Shoes,Sports,South,2.0,54.29,108.58
1683,2021-09-08,USB-C Charger,Electronics,East,6.0,12.39,74.34
1682,2021-09-08,Bluetooth Speaker,Electronics,South,2.0,31.77,63.54
1684,2021-09-09,Non-Stick Pan,Home & Kitchen,North,4.0,22.76,91.04
1686,2021-09-10,Non-Stick Pan,Home & Kitchen,South,5.0,25.66,114.9
1685,2021-09-10,Wireless Mouse,Electronics,West,4.0,17.16,68.64
1687,2021-09-10,Shampoo,Beauty,South,1.0,9.3,9.3
1688,2021-09-11,Running Shoes,Sports,North,1.0,65.09,65.09
1689,2021-09-12,Non-Stick Pan,Home & Kitchen,North,4.0,25.93,103.72
1690,2021-09-12,Bluetooth Speaker,Electronics,East,4.0,31.71,95.13
1694,2021-09-13,Winter Jacket,Clothing,North,7.0,87.7,415.275
1693,2021-09-13,Cricket Bat,Sports,West,2.0,47.05,94.1
1692,2021-09-13,Mechanical Keyboard,Electronics,West,5.0,59.78,298.9
1695,2021-09-13,Bluetooth Speaker,Electronics,South,3.0,39.92,119.76
1691,2021-09-13,USB-C Charger,Electronics,North,1.0,13.61,13.61
1696,2021-09-14,Cotton T-Shirt,Clothing,North,3.0,16.22,48.66
1700,2021-09-15,Coffee Maker,Home & Kitchen,North,7.0,45.76,320.32
1698,2021-09-15,Coffee Maker,Home & Kitchen,East,3.0,55.12,165.36
1699,2021-09-15,Shampoo,Beauty,West,6.0,9.73,58.38
1697,2021-09-15,Bed Sheet Set,Home & Kitchen,North,4.0,29.91,119.64
1701,2021-09-16,Winter Jacket,Clothing,South,1.0,91.16,91.16
1702,2021-09-16,Non-Stick Pan,Home & Kitchen,South,7.0,24.71,172.97
1704,2021-09-16,Yoga Mat,Sports,South,6.0,21.8,130.8
1703,2021-09-16,Denim Jeans,Clothing,North,6.0,36.76,220.56
1705,2021-09-17,USB-C Charger,Electronics,South,6.0,12.14,72.84
1706,2021-09-17,Coffee Maker,Home & Kitchen,North,3.0,51.28,160.29
1707,2021-09-18,Shampoo,Beauty,West,4.0,11.4,45.6
1708,2021-09-18,Bluetooth Speaker,Electronics,East,4.0,40.2,160.8
1709,2021-09-19,USB-C Charger,Electronics,East,7.0,11.44,80.08
1712,2021-09-19,Wireless Mouse,Electronics,East,3.0,15.46,46.38
1710,2021-09-19,Mechanical Keyboard,Electronics,South,6.0,52.11,312.66
1711,2021-09-19,USB-C Charger,Electronics,North,3.0,11.87,35.61
1713,2021-09-20,Bluetooth Speaker,Electronics,East,6.0,37.11,222.66
1715,2021-09-20,Mechanical Keyboard,Electronics,South,5.0,56.36,281.8
1714,2021-09-20,Cricket Bat,Sports,North,4.0,51.3,153.9
1716,2021-09-21,Denim Jeans,Clothing,West,5.0,39.77,198.85
1717,2021-09-22,Denim Jeans,Clothing,West,2.0,41.15,82.3
1718,2021-09-22,Non-Stick Pan,Home & Kitchen,South,5.0,24.04,120.2
1720,2021-09-23,Non-Stick Pan,Home & Kitchen,South,3.0,25.59,76.77
1719,2021-09-23,Bluetooth Speaker,Electronics,North,6.0,34.98,209.88
1721,2021-09-24,Face Moisturizer,Beauty,East,3.0,20.48,61.44
1722,2021-09-24,Non-Stick Pan,Home & Kitchen,South,6.0,26.39,158.34
1723,2021-09-24,Bed Sheet Set,Home & Kitchen,West,5.0,31.23,156.15
1725,2021-09-25,Cricket Bat,Sports,South,3.0,42.98,128.94
1724,2021-09-25,Denim Jeans,Clothing,South,5.0,45.74,228.7
1726,2021-09-26,Denim Jeans,Clothing,North,1.0,37.48,37.48
1727,2021-09-27,Non-Stick Pan,Home & Kitchen,West,3.0,25.17,75.51
1728,2021-09-27,Coffee Maker,Home & Kitchen,South,3.0,48.53,145.59
1730,2021-09-28,Bed Sheet Set,Home & Kitchen,North,1.0,29.22,29.22
1732,2021-09-28,Non-Stick Pan,Home & Kitchen,West,2.0,28.38,56.76
1733,2021-09-28,Running Shoes,Sports,North,3.0,55.43,166.29
1731,2021-09-28,Cricket Bat,Sports,South,4.0,47.66,190.64
1729,2021-09-28,Denim Jeans,Clothing,West,7.0,41.45,290.15
1734,2021-09-29,Bluetooth Speaker,Electronics,South,5.0,38.25,191.25
1735,2021-09-30,Cricket Bat,Sports,North,4.0,45.28,181.12
1736,2021-09-30,Running Shoes,Sports,East,6.0,62.2,373.2
1737,2021-10-01,Yoga Mat,Sports,North,1.0,22.87,22.87
1738,2021-10-01,Cricket Bat,Sports,East,6.0,40.61,243.66
1739,2021-10-02,Bluetooth Speaker,Electronics,West,4.0,33.46,133.84
1740,2021-10-02,Shampoo,Beauty,West,7.0,10.04,70.28
1741,2021-10-03,USB-C Charger,Electronics,South,1.0,11.91,11.91
1744,2021-10-03,Winter Jacket,Clothing,North,4.0,80.29,240.87
1743,2021-10-03,Winter Jacket,Clothing,South,5.0,82.85,414.25
1742,2021-10-03,Non-Stick Pan,Home & Kitchen,East,6.0,25.04,150.24
1745,2021-10-04,Mechanical Keyboard,Electronics,East,6.0,57.53,345.18
1746,2021-10-05,Cotton T-Shirt,Clothing,North,4.0,17.06,68.24
1747,2021-10-06,Running Shoes,Sports,South,1.0,61.71,61.71
1752,2021-10-07,Bluetooth Speaker,Electronics,North,3.0,32.54,97.62
1750,2021-10-07,Wireless Mouse,Electronics,South,3.0,13.69,41.07
1749,2021-10-07,Denim Jeans,Clothing,East,5.0,44.62,223.1
1751,2021-10-07,Cotton T-Shirt,Clothing,North,6.0,14.76,88.56
1748,2021-10-07,Non-Stick Pan,Home & Kitchen,South,1.0,23.26,23.26
1753,2021-10-08,Denim Jeans,Clothing,East,4.0,43.86,175.44
1754,2021-10-08,Bluetooth Speaker,Electronics,South,1.0,31.72,31.72
1755,2021-10-08,Bluetooth Speaker,Electronics,East,6.0,37.66,225.96
1756,2021-10-08,Face Moisturizer,Beauty,South,5.0,16.64,83.2
1758,2021-10-09,Yoga Mat,Sports,West,5.0,22.81,114.05
1760,2021-10-09,Non-Stick Pan,Home & Kitchen,East,4.0,27.55,55.1
1759,2021-10-09,Face Moisturizer,Beauty,East,3.0,17.98,53.94
1757,2021-10-09,Running Shoes,Sports,North,5.0,64.78,323.9
1761,2021-10-10,Winter Jacket,Clothing,East,6.0,84.5,415.275
1764,2021-10-10,Coffee Maker,Home & Kitchen,South,5.0,48.83,244.15
1762,2021-10-10,USB-C Charger,Electronics,South,7.0,13.52,94.64
1763,2021-10-10,Mechanical Keyboard,Electronics,West,4.0,52.07,208.28
1765,2021-10-11,Cotton T-Shirt,Clothing,West,6.0,15.77,94.62
1766,2021-10-11,Winter Jacket,Clothing,East,4.0,77.72,77.72
1767,2021-10-12,Shampoo,Beauty,East,4.0,11.46,45.84
1768,2021-10-12,Bluetooth Speaker,Electronics,South,7.0,37.03,259.21
1769,2021-10-12,Face Moisturizer,Beauty,East,3.0,19.73,59.19
1771,2021-10-13,Yoga Mat,Sports,South,5.0,22.89,114.45
1774,2021-10-13,Cricket Bat,Sports,East,3.0,42.81,128.43
1773,2021-10-13,Cotton T-Shirt,Clothing,North,3.0,15.45,46.35
1770,2021-10-13,Face Moisturizer,Beauty,North,2.0,17.01,34.02
1772,2021-10-13,Cotton T-Shirt,Clothing,North,2.0,16.14,32.28
1776,2021-10-14,Cricket Bat,Sports,East,3.0,41.35,124.05
1775,2021-10-14,Denim Jeans,Clothing,South,6.0,37.44,224.64
1778,2021-10-15,Mechanical Keyboard,Electronics,South,5.0,49.71,248.55
1777,2021-10-15,Coffee Maker,Home & Kitchen,East,4.0,46.15,184.6
1780,2021-10-16,Mechanical Keyboard,Electronics,North,4.0,62.52,250.08
1779,2021-10-16,Cotton T-Shirt,Clothing,East,4.0,14.44,57.76
1781,2021-10-16,Denim Jeans,Clothing,North,2.0,42.12,84.24
1782,2021-10-16,Non-Stick Pan,Home & Kitchen,South,3.0,28.02,84.06
1784,2021-10-17,Bed Sheet Set,Home & Kitchen,West,7.0,28.9,202.3
1783,2021-10-17,Cotton T-Shirt,Clothing,North,4.0,15.85,63.4
1785,2021-10-18,Yoga Mat,Sports,West,6.0,18.51,111.06
1788,2021-10-18,Coffee Maker,Home & Kitchen,East,7.0,55.22,386.54
1787,2021-10-18,Bluetooth Speaker,Electronics,East,5.0,39.5,197.5
1786,2021-10-18,Mechanical Keyboard,Electronics,East,6.0,54.0,324.0
1791,2021-10-19,Cricket Bat,Sports,East,4.0,40.65,162.6
1789,2021-10-19,Non-Stick Pan,Home & Kitchen,North,1.0,24.01,24.01
1790,2021-10-19,Bluetooth Speaker,Electronics,North,7.0,33.24,232.68
1792,2021-10-20,Running Shoes,Sports,East,2.0,54.94,109.88
1794,2021-10-21,USB-C Charger,Electronics,West,3.0,11.65,34.95
1793,2021-10-21,Cricket Bat,Sports,Unknown,2.0,49.56,99.12
1795,2021-10-21,Winter Jacket,Clothing,South,3.0,84.34,253.02
1796,2021-10-21,Wireless Mouse,Electronics,East,3.0,15.46,46.38
1797,2021-10-22,Denim Jeans,Clothing,North,1.0,38.06,38.06
1800,2021-10-23,Winter Jacket,Clothing,Unknown,2.0,84.99,169.98
1801,2021-10-23,Running Shoes,Sports,East,4.0,60.29,241.16
1802,2021-10-23,Shampoo,Beauty,South,3.0,10.5,31.5
1798,2021-10-23,Non-Stick Pan,Home & Kitchen,North,2.0,26.44,52.88
1799,2021-10-23,Non-Stick Pan,Home & Kitchen,East,4.0,27.71,110.84
1803,2021-10-24,Non-Stick Pan,Home & Kitchen,South,4.0,23.81,95.24
1804,2021-10-24,Wireless Mouse,Electronics,East,3.0,15.04,45.12
1805,2021-10-25,Bed Sheet Set,Home & Kitchen,North,1.0,28.39,28.39
1806,2021-10-25,Running Shoes,Sports,South,7.0,64.81,415.275
1809,2021-10-26,Denim Jeans,Clothing,West,1.0,44.28,44.28
1807,2021-10-26,Coffee Maker,Home & Kitchen,West,3.0,51.44,154.32
1808,2021-10-26,Cricket Bat,Sports,North,5.0,48.85,244.25
1812,2021-10-27,Yoga Mat,Sports,Unknown,5.0,20.52,102.6
1810,2021-10-27,Wireless Mouse,Electronics,South,2.0,17.03,34.06
1811,2021-10-27,Wireless Mouse,Electronics,North,5.0,16.89,84.45
1813,2021-10-28,USB-C Charger,Electronics,South,1.0,10.84,10.84
1815,2021-10-28,Bed Sheet Set,Home & Kitchen,West,6.0,29.89,179.34
1816,2021-10-28,Cricket Bat,Sports,North,1.0,48.83,48.83
1814,2021-10-28,Cotton T-Shirt,Clothing,North,7.0,16.03,112.21
1819,2021-10-29,Shampoo,Beauty,West,3.0,9.56,28.68
1818,2021-10-29,Denim Jeans,Clothing,Unknown,6.0,37.21,223.26
1817,2021-10-29,Face Moisturizer,Beauty,Unknown,4.0,16.95,101.7
1820,2021-10-29,Cotton T-Shirt,Clothing,South,4.0,14.67,58.68
1821,2021-10-30,Shampoo,Beauty,East,6.0,9.55,57.3
1824,2021-10-31,USB-C Charger,Electronics,North,6.0,12.53,75.18
1823,2021-10-31,Denim Jeans,Clothing,North,5.0,41.0,205.0
1822,2021-10-31,USB-C Charger,Electronics,East,2.0,12.04,24.08
1825,2021-10-31,Bed Sheet Set,Home & Kitchen,West,7.0,27.87,195.09
1827,2021-11-01,Denim Jeans,Clothing,North,3.0,38.04,114.12
1826,2021-11-01,Denim Jeans,Clothing,North,7.0,37.14,259.98
1828,2021-11-01,Wireless Mouse,Electronics,East,5.0,15.37,82.05
1833,2021-11-02,USB-C Charger,Electronics,South,1.0,13.45,13.45
1832,2021-11-02,Cotton T-Shirt,Clothing,East,6.0,15.41,92.46
1830,2021-11-02,Winter Jacket,Clothing,North,5.0,88.43,415.275
1829,2021-11-02,Cotton T-Shirt,Clothing,South,4.0,16.11,64.44
1831,2021-11-02,Cotton T-Shirt,Clothing,East,4.0,14.75,59.0
1834,2021-11-02,USB-C Charger,Electronics,East,5.0,12.03,60.15
1835,2021-11-03,Mechanical Keyboard,Electronics,West,6.0,56.09,336.54
1841,2021-11-04,Non-Stick Pan,Home & Kitchen,West,3.0,24.87,74.61
1837,2021-11-04,Non-Stick Pan,Home & Kitchen,South,5.0,25.29,126.45
1839,2021-11-04,Non-Stick Pan,Home & Kitchen,Unknown,4.0,24.84,149.04
1838,2021-11-04,USB-C Charger,Electronics,South,6.0,11.92,71.52
1836,2021-11-04,Yoga Mat,Sports,East,4.0,22.99,91.96
1840,2021-11-04,Coffee Maker,Home & Kitchen,West,3.0,53.21,159.63
1843,2021-11-05,Cotton T-Shirt,Clothing,South,2.0,16.43,32.86
1844,2021-11-05,Bed Sheet Set,Home & Kitchen,South,7.0,32.08,224.56
1842,2021-11-05,Winter Jacket,Clothing,East,1.0,83.62,83.62
1845,2021-11-05,Bluetooth Speaker,Electronics,North,3.0,37.37,112.11
1848,2021-11-06,Denim Jeans,Clothing,West,2.0,41.79,83.58
1846,2021-11-06,Coffee Maker,Home & Kitchen,South,5.0,46.98,234.9
1847,2021-11-06,Cricket Bat,Sports,East,3.0,45.37,136.11
1851,2021-11-07,Coffee Maker,Home & Kitchen,South,4.0,54.32,217.28
1850,2021-11-07,Bed Sheet Set,Home & Kitchen,East,2.0,30.19,60.38
1849,2021-11-07,Winter Jacket,Clothing,West,3.0,75.71,227.13
1852,2021-11-07,Wireless Mouse,Electronics,South,2.0,15.37,28.0
1855,2021-11-08,Face Moisturizer,Beauty,North,3.0,18.88,56.64
1853,2021-11-08,USB-C Charger,Electronics,South,5.0,11.77,58.85
1854,2021-11-08,Bed Sheet Set,Home & Kitchen,West,4.0,30.47,121.88
1857,2021-11-08,Shampoo,Beauty,West,7.0,11.46,80.22
1856,2021-11-08,Yoga Mat,Sports,Unknown,7.0,21.88,153.16
1858,2021-11-08,Winter Jacket,Clothing,West,2.0,85.98,171.96
1859,2021-11-09,Shampoo,Beauty,South,6.0,10.04,60.24
1860,2021-11-09,USB-C Charger,Electronics,East,5.0,12.69,63.45
1861,2021-11-10,Bed Sheet Set,Home & Kitchen,South,2.0,33.34,66.68
1863,2021-11-10,Yoga Mat,Sports,West,3.0,22.99,68.97
1866,2021-11-10,USB-C Charger,Electronics,East,7.0,11.71,81.97
1865,2021-11-10,Bed Sheet Set,Home & Kitchen,South,3.0,34.48,103.44
1862,2021-11-10,Non-Stick Pan,Home & Kitchen,North,6.0,26.92,161.52
1864,2021-11-10,Non-Stick Pan,Home & Kitchen,North,7.0,27.51,192.57
1868,2021-11-11,Yoga Mat,Sports,East,6.0,22.58,135.48
1867,2021-11-11,Coffee Maker,Home & Kitchen,West,5.0,47.9,239.5
1869,2021-11-11,Wireless Mouse,Electronics,West,4.0,13.65,54.6
1870,2021-11-11,Shampoo,Beauty,West,3.0,9.01,27.03
1871,2021-11-11,USB-C Charger,Electronics,West,5.0,13.39,66.95
1877,2021-11-12,Non-Stick Pan,Home & Kitchen,North,2.0,24.77,49.54
1872,2021-11-12,USB-C Charger,Electronics,East,3.0,13.59,40.77
1875,2021-11-12,Bluetooth Speaker,Electronics,South,1.0,35.54,35.54
1876,2021-11-12,Yoga Mat,Sports,Unknown,6.0,18.27,109.62
1874,2021-11-12,Running Shoes,Sports,East,5.0,68.72,343.6
1878,2021-11-12,Yoga Mat,Sports,South,7.0,22.63,158.41
1873,2021-11-12,Cricket Bat,Sports,West,5.0,47.62,238.1
1881,2021-11-13,Yoga Mat,Sports,South,2.0,21.34,42.68
1879,2021-11-13,Yoga Mat,Sports,East,1.0,21.18,21.18
1882,2021-11-13,Bed Sheet Set,Home & Kitchen,South,6.0,27.45,164.7
1880,2021-11-13,Bluetooth Speaker,Electronics,North,7.0,33.29,233.03
1883,2021-11-14,Non-Stick Pan,Home & Kitchen,East,4.0,27.74,194.18
1887,2021-11-15,Bed Sheet Set,Home & Kitchen,West,2.0,27.63,55.26
1884,2021-11-15,Running Shoes,Sports,North,6.0,63.64,381.84
1885,2021-11-15,Yoga Mat,Sports,South,3.0,20.96,62.88
1886,2021-11-15,Winter Jacket,Clothing,East,6.0,86.05,415.275
1888,2021-11-15,Bluetooth Speaker,Electronics,West,7.0,39.23,274.60999999999996
1890,2021-11-16,USB-C Charger,Electronics,West,5.0,12.32,67.45
1891,2021-11-16,Shampoo,Beauty,East,7.0,10.55,73.85
1892,2021-11-16,Shampoo,Beauty,East,5.0,9.16,45.8
1889,2021-11-16,Running Shoes,Sports,East,7.0,55.88,391.16
1894,2021-11-17,Non-Stick Pan,Home & Kitchen,South,2.0,25.1,50.2
1893,2021-11-17,Denim Jeans,Clothing,South,5.0,36.85,184.25
1895,2021-11-17,Denim Jeans,Clothing,South,4.0,40.69,122.07
1896,2021-11-18,Running Shoes,Sports,West,3.0,68.78,206.34
1897,2021-11-18,Cotton T-Shirt,Clothing,West,4.0,14.54,58.16
1900,2021-11-19,Running Shoes,Sports,South,6.0,67.47,404.82
1898,2021-11-19,Coffee Maker,Home & Kitchen,South,7.0,49.57,346.99
1899,2021-11-19,Bluetooth Speaker,Electronics,North,5.0,32.05,160.25
1901,2021-11-20,Yoga Mat,Sports,South,7.0,19.51,136.57
1902,2021-11-20,Coffee Maker,Home & Kitchen,South,6.0,46.71,280.26
1903,2021-11-20,Yoga Mat,Sports,South,6.0,19.56,117.36
1904,2021-11-21,Coffee Maker,Home & Kitchen,South,7.0,46.03,322.21
1906,2021-11-22,Cotton T-Shirt,Clothing,West,2.0,16.0,32.0
1907,2021-11-22,Winter Jacket,Clothing,North,7.0,75.98,415.275
1905,2021-11-22,Winter Jacket,Clothing,South,1.0,75.81,75.81
1908,2021-11-23,Bed Sheet Set,Home & Kitchen,North,1.0,34.05,34.05
1909,2021-11-24,Running Shoes,Sports,South,5.0,65.12,325.6
1911,2021-11-25,Winter Jacket,Clothing,North,5.0,91.03,415.275
1910,2021-11-25,Bluetooth Speaker,Electronics,East,1.0,36.0,36.0
1912,2021-11-25,Running Shoes,Sports,Unknown,3.0,65.04,195.12
1914,2021-11-25,Bluetooth Speaker,Electronics,West,7.0,39.66,277.62
1915,2021-11-25,Bed Sheet Set,Home & Kitchen,West,3.0,28.06,84.18
1913,2021-11-25,Coffee Maker,Home & Kitchen,South,6.0,53.06,318.36
1916,2021-11-26,Bed Sheet Set,Home & Kitchen,South,2.0,33.77,67.54
1918,2021-11-26,Cotton T-Shirt,Clothing,South,6.0,14.45,86.7
1917,2021-11-26,Bed Sheet Set,Home & Kitchen,South,7.0,31.28,218.96
1925,2021-11-27,Non-Stick Pan,Home & Kitchen,North,7.0,24.32,170.24
1921,2021-11-27,Bed Sheet Set,Home & Kitchen,East,2.0,32.94,65.88
1924,2021-11-27,Wireless Mouse,Electronics,West,2.0,14.39,28.78
1922,2021-11-27,Bluetooth Speaker,Electronics,West,5.0,33.53,167.65
1919,2021-11-27,Shampoo,Beauty,South,5.0,11.19,55.95
1923,2021-11-27,Bluetooth Speaker,Electronics,North,1.0,34.57,34.57
1920,2021-11-27,Cricket Bat,Sports,East,6.0,48.96,293.76
1927,2021-11-28,Cricket Bat,Sports,South,6.0,45.34,272.04
1928,2021-11-28,Wireless Mouse,Electronics,South,7.0,17.01,119.07000000000001
1926,2021-11-28,Wireless Mouse,Electronics,West,1.0,16.13,16.13
1930,2021-11-29,Cotton T-Shirt,Clothing,West,2.0,16.4,32.8
1931,2021-11-29,Running Shoes,Sports,East,4.0,58.18,232.72
1932,2021-11-29,Cotton T-Shirt,Clothing,West,1.0,16.65,16.65
1929,2021-11-29,Wireless Mouse,Electronics,Unknown,3.0,15.81,47.43
1933,2021-11-29,Wireless Mouse,Electronics,West,3.0,16.33,48.99
1934,2021-11-30,Non-Stick Pan,Home & Kitchen,South,4.0,24.87,99.48
1936,2021-11-30,Cricket Bat,Sports,East,7.0,49.19,344.33
1938,2021-11-30,Cricket Bat,Sports,West,6.0,44.62,267.72
1937,2021-11-30,Denim Jeans,Clothing,North,5.0,41.66,208.3
1935,2021-11-30,Winter Jacket,Clothing,South,6.0,73.11,415.275
1940,2021-12-01,Wireless Mouse,Electronics,North,4.0,14.6,43.8
1941,2021-12-01,Winter Jacket,Clothing,East,7.0,77.31,415.275
1939,2021-12-01,Wireless Mouse,Electronics,East,3.0,14.79,44.37
1946,2021-12-02,Non-Stick Pan,Home & Kitchen,West,1.0,23.06,23.06
1943,2021-12-02,Denim Jeans,Clothing,West,1.0,43.06,43.06
1942,2021-12-02,Non-Stick Pan,Home & Kitchen,West,2.0,25.35,50.7
1947,2021-12-02,Winter Jacket,Clothing,North,7.0,91.7,415.275
1944,2021-12-02,Cricket Bat,Sports,West,6.0,49.44,296.64
1948,2021-12-02,Winter Jacket,Clothing,West,2.0,82.11,181.14
1945,2021-12-02,Coffee Maker,Home & Kitchen,East,6.0,45.99,275.94
1949,2021-12-03,Winter Jacket,Clothing,West,7.0,75.01,415.275
1954,2021-12-04,Cricket Bat,Sports,East,2.0,50.58,101.16
1952,2021-12-04,Wireless Mouse,Electronics,East,3.0,14.3,42.9
1951,2021-12-04,Winter Jacket,Clothing,North,3.0,87.14,261.42
1953,2021-12-04,Running Shoes,Sports,West,2.0,64.76,129.52
1950,2021-12-04,Denim Jeans,Clothing,West,2.0,37.77,75.54
1957,2021-12-05,Face Moisturizer,Beauty,North,1.0,16.73,16.73
1955,2021-12-05,Face Moisturizer,Beauty,East,2.0,18.92,37.84
1956,2021-12-05,Bluetooth Speaker,Electronics,North,4.0,32.55,130.2
1958,2021-12-05,Bed Sheet Set,Home & Kitchen,East,2.0,29.25,58.5
1959,2021-12-06,Running Shoes,Sports,South,1.0,54.68,54.68
1960,2021-12-06,Coffee Maker,Home & Kitchen,East,7.0,53.23,372.61
1961,2021-12-06,Mechanical Keyboard,Electronics,North,4.0,61.5,246.0
1965,2021-12-07,Non-Stick Pan,Home & Kitchen,West,2.0,27.12,54.24
1963,2021-12-07,Running Shoes,Sports,East,5.0,55.78,278.9
1962,2021-12-07,Non-Stick Pan,Home & Kitchen,North,5.0,23.12,115.6
1964,2021-12-07,Bed Sheet Set,Home & Kitchen,South,5.0,28.7,143.5
1966,2021-12-07,Coffee Maker,Home & Kitchen,East,6.0,55.79,334.74
1970,2021-12-08,Coffee Maker,Home & Kitchen,North,7.0,47.73,334.11
1969,2021-12-08,Mechanical Keyboard,Electronics,East,7.0,50.23,351.61
1968,2021-12-08,Shampoo,Beauty,South,5.0,9.6,48.0
1971,2021-12-08,Running Shoes,Sports,East,1.0,57.79,57.79
1967,2021-12-08,Coffee Maker,Home & Kitchen,South,6.0,48.25,289.5
1977,2021-12-09,Running Shoes,Sports,Unknown,3.0,54.25,162.75
1976,2021-12-09,Bed Sheet Set,Home & Kitchen,East,5.0,30.44,152.2
1974,2021-12-09,Face Moisturizer,Beauty,North,6.0,18.75,112.5
1975,2021-12-09,Face Moisturizer,Beauty,East,5.0,18.79,93.95
1973,2021-12-09,Bed Sheet Set,Home & Kitchen,North,6.0,30.5,183.0
1972,2021-12-09,Shampoo,Beauty,North,1.0,10.39,10.39
1980,2021-12-10,Wireless Mouse,Electronics,North,6.0,16.67,100.02
1979,2021-12-10,Yoga Mat,Sports,East,2.0,22.86,45.72
1978,2021-12-10,Shampoo,Beauty,North,2.0,10.02,20.04
1982,2021-12-11,USB-C Charger,Electronics,West,4.0,12.84,51.36
1981,2021-12-11,Shampoo,Beauty,West,3.0,9.19,27.57
1983,2021-12-11,Denim Jeans,Clothing,West,4.0,44.15,176.6
1985,2021-12-12,Face Moisturizer,Beauty,North,7.0,17.98,125.86
1984,2021-12-12,Bluetooth Speaker,Electronics,North,6.0,35.94,224.46
1986,2021-12-12,Bluetooth Speaker,Electronics,West,3.0,31.76,95.28
1988,2021-12-13,Winter Jacket,Clothing,East,3.0,77.25,231.75
1987,2021-12-13,Mechanical Keyboard,Electronics,East,3.0,52.68,158.04
1989,2021-12-13,Cricket Bat,Sports,North,2.0,50.47,100.94
1996,2021-12-14,Winter Jacket,Clothing,East,7.0,77.44,415.275
1990,2021-12-14,Coffee Maker,Home & Kitchen,South,3.0,56.17,168.51
1994,2021-12-14,Mechanical Keyboard,Electronics,East,2.0,56.57,113.14
1997,2021-12-14,Non-Stick Pan,Home & Kitchen,East,1.0,26.85,26.85
1991,2021-12-14,Cricket Bat,Sports,North,6.0,46.58,279.48
1995,2021-12-14,Running Shoes,Sports,South,4.0,57.23,228.92
1992,2021-12-14,Denim Jeans,Clothing,North,6.0,37.08,222.48
1993,2021-12-14,Bed Sheet Set,Home & Kitchen,East,6.0,28.88,173.28
1998,2021-12-15,Yoga Mat,Sports,West,6.0,20.2,121.2
1999,2021-12-15,Wireless Mouse,Electronics,West,6.0,16.44,98.64
2000,2021-12-16,Coffee Maker,Home & Kitchen,West,7.0,50.75,355.25
2001,2021-12-16,Mechanical Keyboard,Electronics,North,3.0,62.4,187.2
2002,2021-12-17,Cricket Bat,Sports,South,1.0,42.3,42.3
2003,2021-12-17,Bed Sheet Set,Home & Kitchen,West,7.0,32.68,228.76
2004,2021-12-17,Face Moisturizer,Beauty,South,1.0,19.31,19.31
2006,2021-12-18,Non-Stick Pan,Home & Kitchen,East,5.0,27.72,138.6
2005,2021-12-18,USB-C Charger,Electronics,West,2.0,11.03,22.06
2010,2021-12-19,Non-Stick Pan,Home & Kitchen,East,7.0,25.66,159.25
2008,2021-12-19,USB-C Charger,Electronics,South,3.0,10.89,32.67
2009,2021-12-19,Denim Jeans,Clothing,West,6.0,43.82,262.92
2007,2021-12-19,Yoga Mat,Sports,East,3.0,20.1,60.3
2011,2021-12-19,Coffee Maker,Home & Kitchen,West,5.0,52.08,260.4
2012,2021-12-20,Denim Jeans,Clothing,East,3.0,43.09,129.27
2013,2021-12-21,Coffee Maker,Home & Kitchen,North,6.0,47.04,282.24
2016,2021-12-21,Bluetooth Speaker,Electronics,West,6.0,34.45,206.7
2014,2021-12-21,Shampoo,Beauty,North,1.0,9.57,9.57
2015,2021-12-21,Running Shoes,Sports,Unknown,5.0,55.35,276.75
2017,2021-12-22,Denim Jeans,Clothing,East,5.0,44.71,223.55
2018,2021-12-22,Bed Sheet Set,Home & Kitchen,North,5.0,29.51,147.55
2021,2021-12-23,Mechanical Keyboard,Electronics,South,2.0,50.28,100.56
2020,2021-12-23,Bluetooth Speaker,Electronics,North,6.0,34.53,207.18
2019,2021-12-23,Running Shoes,Sports,East,7.0,56.31,394.17
2022,2021-12-24,Cricket Bat,Sports,South,5.0,43.27,216.35
2023,2021-12-25,USB-C Charger,Electronics,East,6.0,11.52,69.12
2026,2021-12-25,Cricket Bat,Sports,South,3.0,44.56,133.68
2025,2021-12-25,Bluetooth Speaker,Electronics,South,2.0,31.9,63.8
2024,2021-12-25,Shampoo,Beauty,East,1.0,9.35,9.35
2028,2021-12-26,Bluetooth Speaker,Electronics,East,2.0,38.45,76.9
2027,2021-12-26,Denim Jeans,Clothing,North,2.0,41.05,82.1
2033,2021-12-27,Coffee Maker,Home & Kitchen,East,1.0,56.12,56.12
2030,2021-12-27,Face Moisturizer,Beauty,East,5.0,18.13,90.65
2034,2021-12-27,Coffee Maker,Home & Kitchen,West,1.0,53.15,53.15
2031,2021-12-27,Winter Jacket,Clothing,North,3.0,83.12,249.36
2032,2021-12-27,Bluetooth Speaker,Electronics,East,2.0,36.08,72.16
2029,2021-12-27,Mechanical Keyboard,Electronics,South,4.0,58.65,234.6
2037,2021-12-28,Non-Stick Pan,Home & Kitchen,North,6.0,26.27,157.62
2036,2021-12-28,Bed Sheet Set,Home & Kitchen,East,4.0,28.14,112.56
2038,2021-12-28,Mechanical Keyboard,Electronics,West,6.0,55.4,332.4
2035,2021-12-28,Non-Stick Pan,Home & Kitchen,West,2.0,26.71,53.42
2042,2021-12-29,Non-Stick Pan,Home & Kitchen,North,2.0,23.65,47.3
2041,2021-12-29,Yoga Mat,Sports,North,4.0,21.51,86.04
2039,2021-12-29,Bed Sheet Set,Home & Kitchen,West,1.0,31.89,31.89
2040,2021-12-29,Shampoo,Beauty,North,4.0,9.33,55.98
2044,2021-12-30,Bluetooth Speaker,Electronics,East,4.0,38.3,153.2
2045,2021-12-30,USB-C Charger,Electronics,West,4.0,11.32,45.28
2043,2021-12-30,Denim Jeans,Clothing,West,1.0,38.59,38.59
2048,2021-12-31,Face Moisturizer,Beauty,North,2.0,16.77,33.54
2046,2021-12-31,Coffee Maker,Home & Kitchen,North,4.0,47.07,188.28
2047,2021-12-31,Cricket Bat,Sports,West,5.0,41.28,206.4
2052,2022-01-01,Bed Sheet Set,Home & Kitchen,East,3.0,33.93,101.79
2051,2022-01-01,Bluetooth Speaker,Electronics,South,6.0,34.09,204.54
2050,2022-01-01,Cotton T-Shirt,Clothing,West,1.0,16.64,16.64
2053,2022-01-01,Running Shoes,Sports,West,3.0,62.9,188.7
2049,2022-01-01,Shampoo,Beauty,West,5.0,11.25,56.25
2054,2022-01-02,Yoga Mat,Sports,West,1.0,21.33,21.33
2056,2022-01-03,Coffee Maker,Home & Kitchen,South,5.0,46.29,231.45
2055,2022-01-03,Coffee Maker,Home & Kitchen,North,1.0,50.76,50.76
2058,2022-01-04,Coffee Maker,Home & Kitchen,East,6.0,45.16,270.96
2059,2022-01-04,Cricket Bat,Sports,West,5.0,51.27,256.35
2057,2022-01-04,Wireless Mouse,Electronics,North,7.0,14.71,102.97
2061,2022-01-05,Running Shoes,Sports,West,3.0,57.6,172.8
2060,2022-01-05,Cotton T-Shirt,Clothing,East,6.0,16.0,96.0
2062,2022-01-06,Cricket Bat,Sports,West,3.0,49.83,149.49
2064,2022-01-07,Shampoo,Beauty,South,5.0,9.76,48.8
2063,2022-01-07,USB-C Charger,Electronics,West,6.0,12.19,73.14
2065,2022-01-08,USB-C Charger,Electronics,North,3.0,13.02,39.06
2067,2022-01-08,Bed Sheet Set,Home & Kitchen,West,1.0,33.03,33.03
2066,2022-01-08,Running Shoes,Sports,East,4.0,64.4,257.6
2069,2022-01-09,Yoga Mat,Sports,West,4.0,20.46,81.84
2068,2022-01-09,Non-Stick Pan,Home & Kitchen,North,5.0,22.66,113.3
2070,2022-01-10,Winter Jacket,Clothing,South,2.0,74.16,148.32
2071,2022-01-10,Denim Jeans,Clothing,East,3.0,38.78,116.34
2073,2022-01-11,Yoga Mat,Sports,South,3.0,19.36,58.08
2072,2022-01-11,Non-Stick Pan,Home & Kitchen,South,2.0,27.63,55.26
2075,2022-01-11,Denim Jeans,Clothing,West,1.0,45.77,45.77
2074,2022-01-11,Yoga Mat,Sports,South,4.0,19.54,78.16
2076,2022-01-11,Winter Jacket,Clothing,East,4.0,86.6,346.4
2079,2022-01-12,Winter Jacket,Clothing,West,1.0,91.5,91.5
2078,2022-01-12,USB-C Charger,Electronics,North,5.0,10.86,54.3
2077,2022-01-12,Denim Jeans,Clothing,South,6.0,41.17,236.22
2080,2022-01-13,Coffee Maker,Home & Kitchen,South,1.0,48.14,48.14
2083,2022-01-13,USB-C Charger,Electronics,North,4.0,11.3,45.2
2085,2022-01-13,Face Moisturizer,Beauty,South,4.0,18.0,72.0
2081,2022-01-13,Cricket Bat,Sports,South,4.0,47.02,188.08
2082,2022-01-13,Cotton T-Shirt,Clothing,South,1.0,13.73,13.73
2084,2022-01-13,USB-C Charger,Electronics,South,4.0,13.79,55.16
2086,2022-01-14,Denim Jeans,Clothing,East,7.0,42.16,295.12
2087,2022-01-14,Yoga Mat,Sports,West,2.0,18.31,36.62
2089,2022-01-15,Mechanical Keyboard,Electronics,South,4.0,54.15,162.45
2091,2022-01-15,Bluetooth Speaker,Electronics,North,4.0,33.33,133.32
2090,2022-01-15,Wireless Mouse,Electronics,West,5.0,15.37,80.15
2088,2022-01-15,Denim Jeans,Clothing,North,7.0,41.25,288.75
2092,2022-01-16,Wireless Mouse,Electronics,East,6.0,14.86,89.16
2093,2022-01-17,Winter Jacket,Clothing,East,4.0,82.81,331.24
2094,2022-01-18,Face Moisturizer,Beauty,North,2.0,16.97,33.94
2095,2022-01-19,Face Moisturizer,Beauty,South,7.0,18.46,129.22
2098,2022-01-19,Denim Jeans,Clothing,North,7.0,45.41,317.87
2099,2022-01-19,Wireless Mouse,Electronics,East,2.0,17.2,34.4
2097,2022-01-19,Coffee Maker,Home & Kitchen,West,6.0,49.5,297.0
2096,2022-01-19,Face Moisturizer,Beauty,South,6.0,18.244999999999997,110.1
2101,2022-01-20,Running Shoes,Sports,South,1.0,67.43,67.43
2100,2022-01-20,USB-C Charger,Electronics,North,2.0,12.54,25.08
2102,2022-01-20,Denim Jeans,Clothing,North,4.0,45.51,182.04
2103,2022-01-21,Cotton T-Shirt,Clothing,South,4.0,13.55,67.75
2105,2022-01-22,Yoga Mat,Sports,South,3.0,18.95,56.85
2104,2022-01-22,Mechanical Keyboard,Electronics,West,7.0,54.74,383.18
2106,2022-01-23,Non-Stick Pan,Home & Kitchen,West,3.0,26.18,78.54
2107,2022-01-23,Wireless Mouse,Electronics,South,5.0,13.76,68.8
2108,2022-01-23,Mechanical Keyboard,Electronics,West,7.0,58.18,407.26
2109,2022-01-23,Cotton T-Shirt,Clothing,East,1.0,13.55,13.55
2111,2022-01-24,Denim Jeans,Clothing,North,6.0,36.6,219.6
2110,2022-01-24,Coffee Maker,Home & Kitchen,East,7.0,50.98,356.86
2114,2022-01-25,Coffee Maker,Home & Kitchen,North,7.0,52.48,367.36
2113,2022-01-25,Non-Stick Pan,Home & Kitchen,East,3.0,23.65,70.95
2112,2022-01-25,Cricket Bat,Sports,South,4.0,47.53,332.71
2119,2022-01-26,Cricket Bat,Sports,South,2.0,46.57,85.16
2118,2022-01-26,Bed Sheet Set,Home & Kitchen,North,1.0,33.88,33.88
2116,2022-01-26,Bed Sheet Set,Home & Kitchen,West,7.0,30.9,216.3
2117,2022-01-26,USB-C Charger,Electronics,West,1.0,12.47,12.47
2115,2022-01-26,Shampoo,Beauty,West,3.0,9.16,27.48
2120,2022-01-27,Non-Stick Pan,Home & Kitchen,West,6.0,25.34,152.04
2121,2022-01-27,Wireless Mouse,Electronics,North,2.0,14.14,28.28
2122,2022-01-28,Face Moisturizer,Beauty,North,4.0,17.81,71.24
2126,2022-01-29,Bluetooth Speaker,Electronics,West,1.0,31.69,31.69
2125,2022-01-29,Non-Stick Pan,Home & Kitchen,Unknown,7.0,25.09,175.63
2124,2022-01-29,Shampoo,Beauty,North,4.0,10.6,42.4
2123,2022-01-29,Face Moisturizer,Beauty,West,2.0,19.23,38.46
2127,2022-01-30,Denim Jeans,Clothing,West,6.0,43.29,259.74
2128,2022-01-31,Cotton T-Shirt,Clothing,West,6.0,15.82,94.92
2129,2022-01-31,Mechanical Keyboard,Electronics,South,2.0,57.02,114.04
2130,2022-02-01,Mechanical Keyboard,Electronics,East,4.0,58.4,58.4
2131,2022-02-01,USB-C Charger,Electronics,East,7.0,11.52,80.64
2133,2022-02-02,Winter Jacket,Clothing,South,3.0,78.68,236.04
2132,2022-02-02,USB-C Charger,Electronics,East,7.0,12.64,88.48
2134,2022-02-02,Cricket Bat,Sports,West,4.0,48.73,194.92
2135,2022-02-03,Face Moisturizer,Beauty,North,5.0,19.31,96.55
2136,2022-02-03,Mechanical Keyboard,Electronics,East,3.0,55.82,167.46
2138,2022-02-04,Face Moisturizer,Beauty,West,4.0,19.49,77.96
2137,2022-02-04,Coffee Maker,Home & Kitchen,West,3.0,49.95,149.85
2139,2022-02-04,Yoga Mat,Sports,North,2.0,22.54,45.08
2141,2022-02-05,Face Moisturizer,Beauty,North,3.0,17.77,53.31
2140,2022-02-05,Cricket Bat,Sports,East,3.0,45.21,135.63
2143,2022-02-06,USB-C Charger,Electronics,East,3.0,11.86,35.58
2142,2022-02-06,Non-Stick Pan,Home & Kitchen,North,4.0,23.81,95.24
2144,2022-02-07,Shampoo,Beauty,North,2.0,10.28,20.56
2146,2022-02-07,Running Shoes,Sports,South,5.0,54.91,274.55
2145,2022-02-07,Bed Sheet Set,Home & Kitchen,North,1.0,28.0,28.0
2147,2022-02-07,Coffee Maker,Home & Kitchen,North,2.0,48.6,97.2
2148,2022-02-08,Yoga Mat,Sports,Unknown,1.0,19.21,19.21
2149,2022-02-09,Mechanical Keyboard,Electronics,West,3.0,51.9,155.7
2150,2022-02-10,Mechanical Keyboard,Electronics,West,1.0,54.47,54.47
2151,2022-02-11,Wireless Mouse,Electronics,West,1.0,13.58,13.58
2156,2022-02-12,Cotton T-Shirt,Clothing,West,3.0,13.83,41.49
2154,2022-02-12,Mechanical Keyboard,Electronics,South,1.0,57.13,57.13
2153,2022-02-12,Wireless Mouse,Electronics,South,4.0,16.47,65.88
2157,2022-02-12,Denim Jeans,Clothing,South,6.0,43.15,258.9
2155,2022-02-12,Yoga Mat,Sports,North,2.0,18.34,36.68
2152,2022-02-12,USB-C Charger,Electronics,North,1.0,11.78,11.78
2158,2022-02-13,Bed Sheet Set,Home & Kitchen,North,4.0,27.1,189.7
2160,2022-02-14,Running Shoes,Sports,West,7.0,63.95,415.275
2161,2022-02-14,Mechanical Keyboard,Electronics,North,5.0,49.76,248.8
2162,2022-02-14,Bed Sheet Set,Home & Kitchen,South,5.0,29.15,145.75
2159,2022-02-14,USB-C Charger,Electronics,North,4.0,12.92,51.68
2163,2022-02-15,Face Moisturizer,Beauty,West,1.0,16.82,16.82
2164,2022-02-16,Running Shoes,Sports,North,2.0,66.89,133.78
2166,2022-02-17,Coffee Maker,Home & Kitchen,East,7.0,57.21,400.47
2167,2022-02-17,Cricket Bat,Sports,North,7.0,44.84,313.88
2165,2022-02-17,Bluetooth Speaker,Electronics,East,2.0,37.45,74.9
2169,2022-02-18,Wireless Mouse,Electronics,North,2.0,17.12,34.24
2168,2022-02-18,Shampoo,Beauty,South,4.0,9.98,39.92
2170,2022-02-19,USB-C Charger,Electronics,South,3.0,12.74,38.22
2172,2022-02-19,USB-C Charger,Electronics,South,7.0,13.56,94.92
2171,2022-02-19,Running Shoes,Sports,Unknown,6.0,60.08,360.48
2173,2022-02-20,USB-C Charger,Electronics,South,4.0,11.93,47.72
2176,2022-02-20,Coffee Maker,Home & Kitchen,West,4.0,51.07,204.28
2174,2022-02-20,USB-C Charger,Electronics,North,1.0,13.51,13.51
2175,2022-02-20,Yoga Mat,Sports,West,3.0,19.24,57.72
2177,2022-02-20,Wireless Mouse,Electronics,East,5.0,16.72,83.6
2179,2022-02-21,Cricket Bat,Sports,North,6.0,47.76,286.56
2178,2022-02-21,Cricket Bat,Sports,South,5.0,46.57,220.95
2180,2022-02-21,Denim Jeans,Clothing,East,3.0,39.06,117.18
2181,2022-02-22,Non-Stick Pan,Home & Kitchen,South,5.0,23.36,116.8
2185,2022-02-23,Cricket Bat,Sports,East,1.0,45.85,45.85
2184,2022-02-23,Non-Stick Pan,Home & Kitchen,East,6.0,24.42,146.52
2182,2022-02-23,Non-Stick Pan,Home & Kitchen,East,1.0,28.67,28.67
2187,2022-02-23,Non-Stick Pan,Home & Kitchen,East,2.0,25.93,51.86
2186,2022-02-23,Yoga Mat,Sports,East,4.0,18.97,75.88
2183,2022-02-23,Bed Sheet Set,Home & Kitchen,East,6.0,28.89,173.34
2189,2022-02-24,USB-C Charger,Electronics,West,7.0,11.12,77.84
2188,2022-02-24,Shampoo,Beauty,North,3.0,10.98,32.94
2191,2022-02-25,Shampoo,Beauty,South,3.0,10.7,32.1
2194,2022-02-25,Winter Jacket,Clothing,West,5.0,74.79,373.95
2195,2022-02-25,Face Moisturizer,Beauty,West,1.0,17.2,17.2
2192,2022-02-25,Bluetooth Speaker,Electronics,East,7.0,33.68,235.76
2190,2022-02-25,Mechanical Keyboard,Electronics,South,6.0,55.65,323.88
2193,2022-02-25,Shampoo,Beauty,North,1.0,9.33,9.33
2196,2022-02-26,Shampoo,Beauty,West,6.0,9.86,59.16
2200,2022-02-27,Running Shoes,Sports,South,3.0,67.43,202.29
2197,2022-02-27,Yoga Mat,Sports,South,3.0,19.25,57.75
2199,2022-02-27,Face Moisturizer,Beauty,North,4.0,18.1,72.4
2198,2022-02-27,Wireless Mouse,Electronics,North,6.0,16.76,100.56
2202,2022-02-28,Mechanical Keyboard,Electronics,South,6.0,53.78,322.68
2203,2022-02-28,Cotton T-Shirt,Clothing,North,5.0,16.95,84.75
2201,2022-02-28,Cricket Bat,Sports,South,4.0,46.27,185.08
2204,2022-03-01,Winter Jacket,Clothing,North,5.0,89.24,415.275
2205,2022-03-02,Yoga Mat,Sports,West,6.0,21.71,130.26
2206,2022-03-03,Face Moisturizer,Beauty,North,2.0,19.45,38.9
2208,2022-03-04,Wireless Mouse,Electronics,West,2.0,13.91,27.82
2207,2022-03-04,Bed Sheet Set,Home & Kitchen,South,3.0,29.81,89.43
2209,2022-03-05,Yoga Mat,Sports,South,2.0,18.27,36.54
2210,2022-03-06,Bed Sheet Set,Home & Kitchen,West,2.0,30.39,60.78
2212,2022-03-07,Winter Jacket,Clothing,South,2.0,83.25,166.5
2216,2022-03-07,Non-Stick Pan,Home & Kitchen,East,4.0,28.46,113.84
2213,2022-03-07,Yoga Mat,Sports,South,2.0,20.69,41.38
2211,2022-03-07,Mechanical Keyboard,Electronics,South,4.0,63.1,252.4
2214,2022-03-07,Face Moisturizer,Beauty,North,4.0,20.08,80.32
2215,2022-03-07,Bed Sheet Set,Home & Kitchen,North,2.0,29.59,59.18
2217,2022-03-08,Bluetooth Speaker,Electronics,West,3.0,31.51,94.53
2218,2022-03-09,Winter Jacket,Clothing,West,7.0,75.7,415.275
2219,2022-03-10,Coffee Maker,Home & Kitchen,East,6.0,49.71,298.26
2220,2022-03-11,Shampoo,Beauty,South,2.0,9.74,19.48
2221,2022-03-11,Wireless Mouse,Electronics,South,6.0,16.03,96.18
2222,2022-03-11,Shampoo,Beauty,South,6.0,10.28,64.74
2223,2022-03-11,Cricket Bat,Sports,East,1.0,41.29,41.29
2226,2022-03-12,Denim Jeans,Clothing,West,4.0,43.69,174.76
2227,2022-03-12,Denim Jeans,Clothing,West,3.0,36.14,108.42
2225,2022-03-12,Coffee Maker,Home & Kitchen,East,5.0,51.04,255.2
2224,2022-03-12,USB-C Charger,Electronics,North,3.0,13.01,39.03
2232,2022-03-13,Yoga Mat,Sports,North,1.0,18.2,18.2
2229,2022-03-13,Wireless Mouse,Electronics,North,4.0,16.49,65.96
2234,2022-03-13,Non-Stick Pan,Home & Kitchen,South,1.0,22.77,22.77
2228,2022-03-13,USB-C Charger,Electronics,South,2.0,11.38,22.76
2230,2022-03-13,Cotton T-Shirt,Clothing,West,1.0,14.08,14.08
2231,2022-03-13,Running Shoes,Sports,South,6.0,65.9,395.4
2233,2022-03-13,Denim Jeans,Clothing,Unknown,7.0,38.61,270.27
2235,2022-03-14,Cotton T-Shirt,Clothing,North,5.0,15.39,76.95
2237,2022-03-15,Mechanical Keyboard,Electronics,North,1.0,56.8,56.8
2238,2022-03-15,Cricket Bat,Sports,East,2.0,47.54,95.08
2236,2022-03-15,USB-C Charger,Electronics,East,3.0,11.38,34.14
2239,2022-03-15,Mechanical Keyboard,Electronics,East,7.0,60.78,415.275
2240,2022-03-16,Coffee Maker,Home & Kitchen,North,1.0,47.46,47.46
2244,2022-03-16,Face Moisturizer,Beauty,East,2.0,18.33,36.66
2245,2022-03-16,Shampoo,Beauty,West,2.0,11.21,22.42
2241,2022-03-16,Shampoo,Beauty,East,2.0,10.41,20.82
2242,2022-03-16,Coffee Maker,Home & Kitchen,West,1.0,51.58,51.58
2243,2022-03-16,Face Moisturizer,Beauty,East,4.0,17.12,68.48
2247,2022-03-17,Cotton T-Shirt,Clothing,North,3.0,15.26,41.49
2246,2022-03-17,Shampoo,Beauty,South,1.0,11.13,11.13
2249,2022-03-18,Cotton T-Shirt,Clothing,West,6.0,16.55,99.3
2248,2022-03-18,Wireless Mouse,Electronics,North,5.0,16.68,83.4
2250,2022-03-19,Mechanical Keyboard,Electronics,West,6.0,52.33,313.98
2252,2022-03-20,Cotton T-Shirt,Clothing,South,1.0,13.93,13.93
2254,2022-03-20,Winter Jacket,Clothing,East,3.0,73.09,219.27
2255,2022-03-20,Bed Sheet Set,Home & Kitchen,East,3.0,30.49,91.47
2251,2022-03-20,Bluetooth Speaker,Electronics,North,5.0,34.37,171.85
2253,2022-03-20,Bluetooth Speaker,Electronics,South,3.0,37.96,113.88
2257,2022-03-21,Running Shoes,Sports,East,2.0,67.76,135.52
2258,2022-03-21,USB-C Charger,Electronics,North,4.0,13.09,52.36
2256,2022-03-21,Denim Jeans,Clothing,South,4.0,42.24,168.96
2260,2022-03-22,Face Moisturizer,Beauty,South,4.0,19.82,79.28
2262,2022-03-22,Cotton T-Shirt,Clothing,South,6.0,16.03,96.18
2259,2022-03-22,Bluetooth Speaker,Electronics,West,5.0,36.76,183.8
2261,2022-03-22,Bed Sheet Set,Home & Kitchen,South,6.0,30.34,182.04
2263,2022-03-23,Cotton T-Shirt,Clothing,South,3.0,13.92,41.76
2266,2022-03-23,Bluetooth Speaker,Electronics,North,2.0,39.87,79.74
2265,2022-03-23,Bed Sheet Set,Home & Kitchen,West,7.0,27.8,194.6
2264,2022-03-23,Face Moisturizer,Beauty,East,1.0,19.57,19.57
2268,2022-03-24,Running Shoes,Sports,West,4.0,54.81,219.24
2267,2022-03-24,Winter Jacket,Clothing,South,2.0,85.33,170.66
2269,2022-03-24,Denim Jeans,Clothing,North,7.0,38.42,268.94
2270,2022-03-24,Cricket Bat,Sports,North,6.0,42.06,252.36
2272,2022-03-25,Yoga Mat,Sports,North,4.0,18.6,74.4
2271,2022-03-25,USB-C Charger,Electronics,South,4.0,12.75,51.0
2273,2022-03-25,Coffee Maker,Home & Kitchen,West,3.0,52.68,158.04
2276,2022-03-25,Non-Stick Pan,Home & Kitchen,North,7.0,27.8,194.6
2275,2022-03-25,USB-C Charger,Electronics,South,4.0,13.41,53.64
2274,2022-03-25,Running Shoes,Sports,East,7.0,62.33,415.275
2278,2022-03-26,USB-C Charger,Electronics,North,6.0,11.44,68.64
2277,2022-03-26,Cricket Bat,Sports,North,5.0,41.84,209.20000000000002
2279,2022-03-27,Running Shoes,Sports,North,3.0,64.57,193.71
2282,2022-03-28,Wireless Mouse,Electronics,North,3.0,14.64,43.92
2280,2022-03-28,Denim Jeans,Clothing,West,6.0,41.28,247.68
2281,2022-03-28,Face Moisturizer,Beauty,South,1.0,19.9,19.9
2284,2022-03-29,Mechanical Keyboard,Electronics,North,3.0,62.19,186.57
2283,2022-03-29,Denim Jeans,Clothing,North,6.0,44.98,269.88
2285,2022-03-29,Wireless Mouse,Electronics,South,2.0,14.19,28.38
2286,2022-03-30,Coffee Maker,Home & Kitchen,North,2.0,51.61,103.22
2287,2022-03-30,Non-Stick Pan,Home & Kitchen,West,5.0,27.05,135.25
2290,2022-03-31,Cricket Bat,Sports,West,7.0,46.15,323.05
2289,2022-03-31,Yoga Mat,Sports,North,4.0,19.74,78.96
2288,2022-03-31,Bed Sheet Set,Home & Kitchen,South,6.0,32.62,195.72
2292,2022-04-01,Face Moisturizer,Beauty,South,6.0,18.69,112.14
2291,2022-04-01,Coffee Maker,Home & Kitchen,South,4.0,55.65,222.6
2294,2022-04-02,Face Moisturizer,Beauty,East,1.0,18.13,18.13
2293,2022-04-02,Winter Jacket,Clothing,North,6.0,84.28,415.275
2295,2022-04-03,Coffee Maker,Home & Kitchen,West,2.0,47.44,94.88
2297,2022-04-04,Cotton T-Shirt,Clothing,West,6.0,14.94,89.64
2296,2022-04-04,Denim Jeans,Clothing,North,3.0,43.92,131.76
2299,2022-04-05,Mechanical Keyboard,Electronics,North,6.0,58.49,350.94
2298,2022-04-05,Running Shoes,Sports,South,4.0,60.74,242.96
2301,2022-04-05,Running Shoes,Sports,South,7.0,65.5,415.275
2300,2022-04-05,Face Moisturizer,Beauty,West,5.0,20.18,100.9
2304,2022-04-06,Mechanical Keyboard,Electronics,North,1.0,56.18,56.18
2306,2022-04-06,Yoga Mat,Sports,North,3.0,19.72,59.16
2305,2022-04-06,Cotton T-Shirt,Clothing,West,5.0,14.12,70.6
2302,2022-04-06,Running Shoes,Sports,South,3.0,57.02,171.06
2307,2022-04-06,Denim Jeans,Clothing,West,3.0,37.02,111.06
2303,2022-04-06,Non-Stick Pan,Home & Kitchen,South,1.0,23.1,23.1
2310,2022-04-07,Shampoo,Beauty,North,5.0,10.62,53.1
2311,2022-04-07,Denim Jeans,Clothing,West,5.0,38.72,193.6
2308,2022-04-07,Cricket Bat,Sports,South,2.0,46.98,93.96
2312,2022-04-07,Face Moisturizer,Beauty,South,7.0,17.11,119.77
2309,2022-04-07,Cricket Bat,Sports,West,6.0,49.12,294.72
2313,2022-04-07,Shampoo,Beauty,East,4.0,10.28,42.76
2314,2022-04-08,Running Shoes,Sports,South,4.0,57.14,57.14
2318,2022-04-09,Cotton T-Shirt,Clothing,West,4.0,14.93,59.72
2317,2022-04-09,Bluetooth Speaker,Electronics,West,7.0,31.68,221.76
2316,2022-04-09,Cricket Bat,Sports,East,6.0,49.15,294.9
2315,2022-04-09,Wireless Mouse,Electronics,East,7.0,14.28,99.96
2319,2022-04-10,Cotton T-Shirt,Clothing,West,5.0,16.92,84.6
2320,2022-04-11,Face Moisturizer,Beauty,South,5.0,18.2,91.0
2321,2022-04-11,Bed Sheet Set,Home & Kitchen,West,2.0,29.73,59.46
2324,2022-04-12,Bed Sheet Set,Home & Kitchen,East,6.0,29.12,174.72
2322,2022-04-12,Winter Jacket,Clothing,North,3.0,76.1,228.3
2323,2022-04-12,Cotton T-Shirt,Clothing,East,4.0,14.66,87.96
2325,2022-04-13,Bluetooth Speaker,Electronics,North,3.0,37.1,111.3
2327,2022-04-13,Shampoo,Beauty,North,4.0,9.68,67.76
2328,2022-04-13,Face Moisturizer,Beauty,West,5.0,18.94,94.7
2329,2022-04-13,Bed Sheet Set,Home & Kitchen,South,7.0,30.68,204.33
2326,2022-04-13,Running Shoes,Sports,South,3.0,68.22,204.66
2330,2022-04-14,Wireless Mouse,Electronics,East,2.0,13.94,27.88
2331,2022-04-14,Non-Stick Pan,Home & Kitchen,East,3.0,26.11,78.33
2332,2022-04-15,Face Moisturizer,Beauty,South,7.0,18.09,126.63
2335,2022-04-16,USB-C Charger,Electronics,East,2.0,13.37,26.74
2333,2022-04-16,Winter Jacket,Clothing,West,7.0,87.95,415.275
2334,2022-04-16,Shampoo,Beauty,East,7.0,11.45,80.15
2337,2022-04-17,Bluetooth Speaker,Electronics,East,6.0,37.53,225.18
2336,2022-04-17,Non-Stick Pan,Home & Kitchen,West,6.0,24.91,149.46
2338,2022-04-17,Mechanical Keyboard,Electronics,North,2.0,56.11,112.22
2339,2022-04-18,Cricket Bat,Sports,North,4.0,50.37,201.48
2342,2022-04-19,Face Moisturizer,Beauty,North,2.0,16.99,33.98
2340,2022-04-19,Coffee Maker,Home & Kitchen,West,5.0,50.02,250.1
2341,2022-04-19,Wireless Mouse,Electronics,South,5.0,16.72,83.6
2344,2022-04-20,Mechanical Keyboard,Electronics,South,5.0,49.6,248.0
2345,2022-04-20,Denim Jeans,Clothing,North,5.0,36.52,182.6
2343,2022-04-20,Cotton T-Shirt,Clothing,West,5.0,14.75,73.75
2347,2022-04-21,Cricket Bat,Sports,South,5.0,49.12,245.6
2346,2022-04-21,USB-C Charger,Electronics,North,1.0,12.96,12.96
2348,2022-04-22,Denim Jeans,Clothing,North,6.0,40.68,244.08
2350,2022-04-23,Winter Jacket,Clothing,North,6.0,80.66,415.275
2349,2022-04-23,Bluetooth Speaker,Electronics,South,1.0,32.48,32.48
2352,2022-04-24,Face Moisturizer,Beauty,East,4.0,18.24,72.96
2351,2022-04-24,Running Shoes,Sports,Unknown,7.0,54.86,384.02
2353,2022-04-24,Yoga Mat,Sports,North,4.0,19.31,77.24
2355,2022-04-24,Bed Sheet Set,Home & Kitchen,East,1.0,34.49,34.49
2354,2022-04-24,Running Shoes,Sports,South,7.0,58.24,407.68
2356,2022-04-25,Running Shoes,Sports,East,1.0,60.71,60.71
2358,2022-04-26,Running Shoes,Sports,West,7.0,64.69,415.275
2357,2022-04-26,Bluetooth Speaker,Electronics,West,4.0,32.26,129.04
2360,2022-04-27,USB-C Charger,Electronics,West,7.0,12.51,87.57
2359,2022-04-27,Cotton T-Shirt,Clothing,North,4.0,16.54,82.7
2361,2022-04-28,Mechanical Keyboard,Electronics,East,6.0,59.03,354.18
2362,2022-04-28,Wireless Mouse,Electronics,North,7.0,16.75,117.25
2363,2022-04-28,Yoga Mat,Sports,East,7.0,20.67,144.69
2364,2022-04-29,Yoga Mat,Sports,North,4.0,18.29,91.45
2365,2022-04-30,Bluetooth Speaker,Electronics,East,6.0,34.08,204.48
2366,2022-05-01,Mechanical Keyboard,Electronics,North,6.0,60.12,360.72
2367,2022-05-02,Shampoo,Beauty,West,4.0,9.6,38.4
2368,2022-05-03,Coffee Maker,Home & Kitchen,North,3.0,52.21,156.63
2370,2022-05-04,Non-Stick Pan,Home & Kitchen,East,6.0,23.64,141.84
2369,2022-05-04,Wireless Mouse,Electronics,North,1.0,14.38,14.38
2372,2022-05-05,Bed Sheet Set,Home & Kitchen,South,4.0,30.38,121.52
2371,2022-05-05,Coffee Maker,Home & Kitchen,South,4.0,46.74,140.22
2373,2022-05-06,Non-Stick Pan,Home & Kitchen,East,1.0,27.92,27.92
2375,2022-05-06,Mechanical Keyboard,Electronics,North,6.0,54.29,325.74
2374,2022-05-06,Face Moisturizer,Beauty,West,7.0,18.9,132.3
2378,2022-05-07,Winter Jacket,Clothing,North,1.0,86.95,86.95
2379,2022-05-07,Shampoo,Beauty,West,2.0,9.8,19.6
2377,2022-05-07,Bed Sheet Set,Home & Kitchen,South,7.0,27.37,191.59
2376,2022-05-07,Yoga Mat,Sports,East,7.0,18.6,130.2
2380,2022-05-08,Coffee Maker,Home & Kitchen,East,2.0,54.74,109.48
2382,2022-05-09,Cricket Bat,Sports,Unknown,6.0,46.04,276.24
2381,2022-05-09,USB-C Charger,Electronics,West,3.0,11.07,33.21
2383,2022-05-09,Bed Sheet Set,Home & Kitchen,South,3.0,28.58,85.74
2384,2022-05-09,Coffee Maker,Home & Kitchen,East,6.0,55.18,331.08
2387,2022-05-10,Cricket Bat,Sports,West,1.0,43.55,43.55
2386,2022-05-10,Cricket Bat,Sports,North,2.0,41.91,83.82
2388,2022-05-10,USB-C Charger,Electronics,North,2.0,10.82,21.64
2385,2022-05-10,Bed Sheet Set,Home & Kitchen,West,5.0,29.61,148.05
2389,2022-05-11,Yoga Mat,Sports,West,3.0,20.09,60.27
2392,2022-05-12,Yoga Mat,Sports,North,4.0,19.56,78.24
2390,2022-05-12,Winter Jacket,Clothing,West,1.0,87.55,87.55
2391,2022-05-12,Bluetooth Speaker,Electronics,South,6.0,31.61,189.66
2393,2022-05-13,Cotton T-Shirt,Clothing,South,1.0,16.42,16.42
2394,2022-05-14,Non-Stick Pan,Home & Kitchen,South,6.0,24.4,146.4
2397,2022-05-15,Wireless Mouse,Electronics,North,6.0,15.63,93.78
2396,2022-05-15,Bed Sheet Set,Home & Kitchen,West,5.0,33.86,169.3
2398,2022-05-15,Bed Sheet Set,Home & Kitchen,East,3.0,28.96,86.88
2395,2022-05-15,Cricket Bat,Sports,North,4.0,41.67,41.67
2399,2022-05-16,Denim Jeans,Clothing,South,4.0,41.19,164.76
2400,2022-05-16,Winter Jacket,Clothing,East,3.0,80.99,242.97
2402,2022-05-17,Cotton T-Shirt,Clothing,West,7.0,14.62,102.34
2401,2022-05-17,Bluetooth Speaker,Electronics,North,2.0,33.76,67.52
2403,2022-05-18,Cricket Bat,Sports,East,6.0,49.23,295.38
2404,2022-05-19,Coffee Maker,Home & Kitchen,North,5.0,51.24,256.2
2405,2022-05-19,Wireless Mouse,Electronics,West,1.0,15.22,15.22
2406,2022-05-20,Yoga Mat,Sports,South,5.0,22.33,111.65
2408,2022-05-21,Wireless Mouse,Electronics,West,6.0,15.69,94.14
2407,2022-05-21,Non-Stick Pan,Home & Kitchen,West,4.0,27.47,109.88
2410,2022-05-22,Bed Sheet Set,Home & Kitchen,West,5.0,27.56,137.8
2409,2022-05-22,Running Shoes,Sports,East,4.0,67.02,268.08
2411,2022-05-22,Denim Jeans,Clothing,North,3.0,38.2,114.6
2412,2022-05-23,Running Shoes,Sports,East,4.0,63.16,252.64
2413,2022-05-23,Shampoo,Beauty,West,2.0,10.27,20.54
2417,2022-05-24,Face Moisturizer,Beauty,South,3.0,16.61,49.83
2415,2022-05-24,Wireless Mouse,Electronics,South,2.0,13.78,27.56
2416,2022-05-24,Wireless Mouse,Electronics,North,7.0,17.15,120.05
2414,2022-05-24,Face Moisturizer,Beauty,East,5.0,20.39,101.95
2418,2022-05-25,Wireless Mouse,Electronics,North,3.0,15.15,45.45
2419,2022-05-25,USB-C Charger,Electronics,East,3.0,11.09,33.27
2421,2022-05-25,Running Shoes,Sports,North,2.0,60.95,121.9
2420,2022-05-25,Face Moisturizer,Beauty,West,5.0,18.27,91.35
2422,2022-05-26,Wireless Mouse,Electronics,East,2.0,15.98,31.96
2425,2022-05-26,Running Shoes,Sports,South,7.0,63.83,415.275
2426,2022-05-26,Wireless Mouse,Electronics,West,5.0,14.02,70.1
2423,2022-05-26,Denim Jeans,Clothing,North,5.0,42.62,213.1
2424,2022-05-26,Yoga Mat,Sports,East,4.0,18.29,73.16
2430,2022-05-27,Running Shoes,Sports,Unknown,4.0,61.71,246.84
2427,2022-05-27,Yoga Mat,Sports,South,1.0,22.39,22.39
2433,2022-05-27,Bed Sheet Set,Home & Kitchen,South,4.0,28.41,113.64
2428,2022-05-27,Winter Jacket,Clothing,North,5.0,85.43,415.275
2429,2022-05-27,Yoga Mat,Sports,North,3.0,21.16,63.48
2431,2022-05-27,Face Moisturizer,Beauty,East,2.0,17.74,35.48
2432,2022-05-27,Cotton T-Shirt,Clothing,East,6.0,16.34,98.04
2434,2022-05-28,Cricket Bat,Sports,North,5.0,40.7,203.5
2435,2022-05-29,Yoga Mat,Sports,East,6.0,22.99,137.94
2439,2022-05-30,Face Moisturizer,Beauty,South,1.0,19.62,19.62
2437,2022-05-30,Cricket Bat,Sports,North,5.0,50.55,252.75
2436,2022-05-30,Wireless Mouse,Electronics,East,4.0,15.68,62.72
2438,2022-05-30,Denim Jeans,Clothing,West,1.0,37.26,37.26
2440,2022-05-31,Denim Jeans,Clothing,West,1.0,37.06,37.06
2444,2022-06-01,Cotton T-Shirt,Clothing,East,3.0,16.17,48.51
2443,2022-06-01,Wireless Mouse,Electronics,North,4.0,17.08,68.32
2442,2022-06-01,Bluetooth Speaker,Electronics,North,1.0,34.25,34.25
2445,2022-06-01,Non-Stick Pan,Home & Kitchen,West,6.0,25.66,158.28
2446,2022-06-01,Bed Sheet Set,Home & Kitchen,South,5.0,28.59,142.95
2441,2022-06-01,Running Shoes,Sports,West,7.0,68.25,415.275
2450,2022-06-02,Running Shoes,Sports,East,5.0,68.76,343.8
2449,2022-06-02,Shampoo,Beauty,South,3.0,11.28,33.84
2447,2022-06-02,Wireless Mouse,Electronics,East,6.0,16.86,101.16
2448,2022-06-02,Shampoo,Beauty,North,2.0,10.48,20.96
2451,2022-06-03,Cricket Bat,Sports,East,3.0,45.65,136.95
2452,2022-06-03,Coffee Maker,Home & Kitchen,East,1.0,56.2,56.2
2454,2022-06-04,Coffee Maker,Home & Kitchen,North,1.0,50.86,50.86
2453,2022-06-04,Bluetooth Speaker,Electronics,West,2.0,37.48,74.96
2455,2022-06-04,USB-C Charger,Electronics,West,6.0,11.08,66.48
2456,2022-06-05,Denim Jeans,Clothing,East,1.0,37.07,37.07
2459,2022-06-06,Bluetooth Speaker,Electronics,West,4.0,37.0,148.0
2458,2022-06-06,Cotton T-Shirt,Clothing,South,6.0,14.36,86.16
2461,2022-06-06,Wireless Mouse,Electronics,West,4.0,15.64,62.56
2460,2022-06-06,Cricket Bat,Sports,North,6.0,42.44,254.64
2457,2022-06-06,Bluetooth Speaker,Electronics,North,2.0,34.6,69.2
2464,2022-06-07,Bluetooth Speaker,Electronics,West,5.0,35.26,176.3
2468,2022-06-07,Wireless Mouse,Electronics,West,4.0,16.78,67.12
2465,2022-06-07,Cricket Bat,Sports,West,3.0,46.95,140.85
2466,2022-06-07,Denim Jeans,Clothing,South,2.0,45.4,90.8
2467,2022-06-07,Running Shoes,Sports,North,4.0,65.06,130.12
2463,2022-06-07,Cotton T-Shirt,Clothing,Unknown,3.0,16.91,50.73
2462,2022-06-07,Shampoo,Beauty,East,4.0,9.69,38.76
2469,2022-06-08,Mechanical Keyboard,Electronics,South,1.0,53.04,53.04
2470,2022-06-09,Bed Sheet Set,Home & Kitchen,West,2.0,30.43,60.86
2474,2022-06-10,Face Moisturizer,Beauty,North,4.0,17.27,69.08
2473,2022-06-10,Cotton T-Shirt,Clothing,South,5.0,14.49,72.45
2471,2022-06-10,Yoga Mat,Sports,North,2.0,22.55,45.1
2472,2022-06-10,Shampoo,Beauty,West,2.0,9.02,18.04
2475,2022-06-10,Winter Jacket,Clothing,West,2.0,87.9,175.8
2476,2022-06-11,Face Moisturizer,Beauty,East,6.0,17.16,102.96
2478,2022-06-11,Face Moisturizer,Beauty,North,2.0,18.0,36.0
2477,2022-06-11,Bed Sheet Set,Home & Kitchen,East,2.0,29.84,59.68
2479,2022-06-12,Cricket Bat,Sports,North,2.0,41.29,82.58
2481,2022-06-12,Mechanical Keyboard,Electronics,West,2.0,53.71,107.42
2480,2022-06-12,Cotton T-Shirt,Clothing,West,7.0,15.68,109.76
2482,2022-06-12,Running Shoes,Sports,South,2.0,64.63,129.26
2484,2022-06-13,USB-C Charger,Electronics,North,3.0,12.22,36.66
2485,2022-06-13,Face Moisturizer,Beauty,West,5.0,17.75,88.75
2483,2022-06-13,Cricket Bat,Sports,East,6.0,47.05,282.3
2488,2022-06-14,Non-Stick Pan,Home & Kitchen,East,5.0,24.5,122.5
2487,2022-06-14,Yoga Mat,Sports,North,3.0,20.25,60.75
2491,2022-06-14,Non-Stick Pan,Home & Kitchen,East,3.0,22.55,67.65
2489,2022-06-14,Winter Jacket,Clothing,South,1.0,91.18,91.18
2490,2022-06-14,USB-C Charger,Electronics,West,1.0,12.79,12.79
2486,2022-06-14,Bluetooth Speaker,Electronics,West,4.0,31.65,126.6
2492,2022-06-15,Denim Jeans,Clothing,East,6.0,41.25,247.5
2495,2022-06-16,Winter Jacket,Clothing,North,2.0,84.56,169.12
2494,2022-06-16,Cricket Bat,Sports,East,2.0,42.5,85.0
2493,2022-06-16,Running Shoes,Sports,East,1.0,57.5,57.5
2496,2022-06-17,Non-Stick Pan,Home & Kitchen,South,2.0,22.85,45.7
2498,2022-06-17,Denim Jeans,Clothing,West,1.0,41.17,37.31
2497,2022-06-17,Denim Jeans,Clothing,West,5.0,45.96,229.8
2499,2022-06-17,Mechanical Keyboard,Electronics,North,6.0,60.51,363.06
2500,2022-06-17,Yoga Mat,Sports,South,2.0,20.93,41.86
2501,2022-06-18,Bed Sheet Set,Home & Kitchen,South,6.0,30.68,199.44
2502,2022-06-18,Yoga Mat,Sports,South,2.0,20.67,41.34
2503,2022-06-19,Cricket Bat,Sports,West,2.0,50.96,101.92
2504,2022-06-19,Running Shoes,Sports,North,2.0,65.67,131.34
2505,2022-06-20,Mechanical Keyboard,Electronics,North,5.0,62.34,311.7
2508,2022-06-21,Cotton T-Shirt,Clothing,West,4.0,15.93,63.72
2507,2022-06-21,Wireless Mouse,Electronics,East,3.0,15.11,45.33
2506,2022-06-21,Non-Stick Pan,Home & Kitchen,South,7.0,24.28,169.96
2513,2022-06-22,Cotton T-Shirt,Clothing,East,2.0,13.89,27.78
2512,2022-06-22,Yoga Mat,Sports,East,4.0,19.03,76.12
2514,2022-06-22,USB-C Charger,Electronics,Unknown,7.0,13.79,96.53
2511,2022-06-22,Cricket Bat,Sports,Unknown,6.0,50.01,300.06
2509,2022-06-22,Mechanical Keyboard,Electronics,North,5.0,55.09,275.45
2510,2022-06-22,Winter Jacket,Clothing,East,6.0,86.65,415.275
2518,2022-06-23,Yoga Mat,Sports,East,4.0,20.42,81.68
2516,2022-06-23,Cotton T-Shirt,Clothing,South,7.0,14.0,98.0
2517,2022-06-23,Wireless Mouse,Electronics,North,3.0,17.05,51.15
2519,2022-06-23,Bed Sheet Set,Home & Kitchen,North,7.0,32.17,225.19
2515,2022-06-23,Running Shoes,Sports,East,6.0,58.63,351.78
2521,2022-06-24,Cotton T-Shirt,Clothing,Unknown,3.0,14.19,42.57
2522,2022-06-24,Non-Stick Pan,Home & Kitchen,North,2.0,25.86,51.72
2520,2022-06-24,Face Moisturizer,Beauty,South,7.0,20.03,140.21
2524,2022-06-25,Cotton T-Shirt,Clothing,South,1.0,13.55,13.55
2523,2022-06-25,Coffee Maker,Home & Kitchen,West,7.0,51.28,358.96
2525,2022-06-26,Denim Jeans,Clothing,North,4.0,41.42,165.68
2527,2022-06-27,Denim Jeans,Clothing,South,1.0,37.49,37.49
2526,2022-06-27,Mechanical Keyboard,Electronics,North,2.0,60.03,120.06
2529,2022-06-28,Mechanical Keyboard,Electronics,South,7.0,52.98,370.86
2531,2022-06-28,Bluetooth Speaker,Electronics,East,5.0,35.48,177.4
2528,2022-06-28,USB-C Charger,Electronics,East,4.0,13.09,52.36
2530,2022-06-28,Shampoo,Beauty,South,3.0,10.56,31.68
2534,2022-06-29,Face Moisturizer,Beauty,West,7.0,18.21,127.47
2532,2022-06-29,Mechanical Keyboard,Electronics,West,4.0,53.58,214.32
2533,2022-06-29,Denim Jeans,Clothing,East,1.0,36.99,36.99
2535,2022-06-30,Mechanical Keyboard,Electronics,North,4.0,54.4,217.6
2536,2022-07-01,Cotton T-Shirt,Clothing,South,2.0,13.98,27.96
2538,2022-07-01,Cricket Bat,Sports,West,3.0,42.31,126.93
2537,2022-07-01,Cricket Bat,Sports,West,2.0,41.0,82.0
2539,2022-07-02,Cotton T-Shirt,Clothing,North,1.0,15.28,15.28
2540,2022-07-02,Non-Stick Pan,Home & Kitchen,North,2.0,25.85,51.7
2541,2022-07-02,Bluetooth Speaker,Electronics,South,3.0,38.47,115.41
2542,2022-07-03,Winter Jacket,Clothing,South,1.0,78.67,78.67
2544,2022-07-03,Yoga Mat,Sports,East,5.0,20.64,103.2
2543,2022-07-03,Bed Sheet Set,Home & Kitchen,South,1.0,33.88,33.88
2546,2022-07-04,Cricket Bat,Sports,West,3.0,46.62,139.86
2545,2022-07-04,Bed Sheet Set,Home & Kitchen,North,6.0,29.3,175.8
2548,2022-07-04,Running Shoes,Sports,South,3.0,59.66,178.98
2547,2022-07-04,Winter Jacket,Clothing,South,4.0,77.97,311.88
2549,2022-07-05,Bluetooth Speaker,Electronics,North,2.0,32.17,64.34
2550,2022-07-05,Running Shoes,Sports,North,6.0,60.28,361.68
2551,2022-07-06,Mechanical Keyboard,Electronics,East,7.0,55.86,391.02
2552,2022-07-06,Cotton T-Shirt,Clothing,South,2.0,16.78,33.56
2553,2022-07-06,Face Moisturizer,Beauty,East,2.0,18.13,36.26
2554,2022-07-07,Face Moisturizer,Beauty,West,4.0,16.57,66.28
2555,2022-07-07,Winter Jacket,Clothing,North,7.0,91.53,415.275
2558,2022-07-08,USB-C Charger,Electronics,East,7.0,13.31,93.17
2557,2022-07-08,Yoga Mat,Sports,East,6.0,18.57,111.42
2559,2022-07-08,Wireless Mouse,Electronics,West,7.0,15.41,107.87
2556,2022-07-08,Coffee Maker,Home & Kitchen,East,4.0,54.11,216.44
2561,2022-07-09,Non-Stick Pan,Home & Kitchen,South,4.0,22.61,90.44
2560,2022-07-09,Running Shoes,Sports,North,7.0,67.2,415.275
2562,2022-07-10,Mechanical Keyboard,Electronics,South,7.0,61.18,415.275
2566,2022-07-11,Running Shoes,Sports,East,6.0,61.58,369.48
2563,2022-07-11,Mechanical Keyboard,Electronics,East,6.0,56.54,339.24
2564,2022-07-11,Yoga Mat,Sports,South,3.0,22.97,68.91
2565,2022-07-11,Non-Stick Pan,Home & Kitchen,East,4.0,25.88,103.52
2568,2022-07-12,Running Shoes,Sports,West,4.0,61.33,245.32
2569,2022-07-12,Cotton T-Shirt,Clothing,North,3.0,15.62,46.86
2570,2022-07-12,Running Shoes,Sports,South,2.0,54.79,109.58
2571,2022-07-12,USB-C Charger,Electronics,North,1.0,13.31,13.31
2567,2022-07-12,Bluetooth Speaker,Electronics,West,2.0,37.89,75.78
2572,2022-07-13,Bed Sheet Set,Home & Kitchen,South,2.0,32.42,64.84
2573,2022-07-13,Bed Sheet Set,Home & Kitchen,North,7.0,27.83,194.81
2574,2022-07-13,Face Moisturizer,Beauty,West,6.0,19.81,118.86
2576,2022-07-14,Yoga Mat,Sports,South,7.0,18.01,126.07
2575,2022-07-14,Mechanical Keyboard,Electronics,West,5.0,50.89,254.45
2577,2022-07-15,Non-Stick Pan,Home & Kitchen,West,4.0,22.51,90.04
2578,2022-07-15,Running Shoes,Sports,South,3.0,63.75,191.25
2579,2022-07-15,USB-C Charger,Electronics,West,5.0,13.58,67.9
2585,2022-07-16,Mechanical Keyboard,Electronics,South,4.0,50.47,201.88
2582,2022-07-16,Denim Jeans,Clothing,North,5.0,43.98,219.9
2584,2022-07-16,Cricket Bat,Sports,West,7.0,47.57,332.99
2580,2022-07-16,Bluetooth Speaker,Electronics,North,1.0,38.53,38.53
2583,2022-07-16,Shampoo,Beauty,West,4.0,11.02,44.08
2581,2022-07-16,Face Moisturizer,Beauty,West,7.0,18.75,131.25
2587,2022-07-17,Bluetooth Speaker,Electronics,East,4.0,37.19,148.76
2588,2022-07-17,USB-C Charger,Electronics,East,7.0,12.8,89.6
2586,2022-07-17,Coffee Maker,Home & Kitchen,East,7.0,49.73,348.11
2589,2022-07-18,Cotton T-Shirt,Clothing,West,3.0,15.78,47.34
2590,2022-07-18,Bed Sheet Set,Home & Kitchen,South,1.0,32.4,32.4
2591,2022-07-19,Cricket Bat,Sports,East,3.0,40.7,122.1
2593,2022-07-20,Running Shoes,Sports,North,2.0,66.64,133.28
2592,2022-07-20,Denim Jeans,Clothing,East,6.0,41.2,247.2
2595,2022-07-20,Non-Stick Pan,Home & Kitchen,West,4.0,26.49,105.96
2596,2022-07-20,Face Moisturizer,Beauty,South,1.0,19.19,19.19
2594,2022-07-20,Mechanical Keyboard,Electronics,West,6.0,61.37,368.22
2598,2022-07-21,Face Moisturizer,Beauty,West,5.0,16.66,83.3
2604,2022-07-21,Non-Stick Pan,Home & Kitchen,West,7.0,25.53,178.71
2599,2022-07-21,Winter Jacket,Clothing,North,2.0,81.04,162.08
2603,2022-07-21,Face Moisturizer,Beauty,West,2.0,17.6,35.2
2601,2022-07-21,Shampoo,Beauty,North,6.0,11.17,67.02
2600,2022-07-21,Winter Jacket,Clothing,East,3.0,91.29,273.87
2602,2022-07-21,Cotton T-Shirt,Clothing,East,4.0,16.02,64.08
2597,2022-07-21,Non-Stick Pan,Home & Kitchen,North,3.0,24.9,74.7
2605,2022-07-22,Shampoo,Beauty,West,7.0,9.9,69.3
2607,2022-07-22,Bed Sheet Set,Home & Kitchen,North,1.0,34.0,34.0
2606,2022-07-22,Shampoo,Beauty,South,4.0,10.82,43.28
2608,2022-07-22,Bed Sheet Set,Home & Kitchen,North,5.0,29.36,146.8
2610,2022-07-23,Face Moisturizer,Beauty,West,2.0,19.21,38.42
2609,2022-07-23,Bed Sheet Set,Home & Kitchen,North,4.0,30.68,118.8
2611,2022-07-24,Cotton T-Shirt,Clothing,East,6.0,15.52,93.12
2613,2022-07-24,Winter Jacket,Clothing,West,1.0,82.11,75.8
2612,2022-07-24,Cricket Bat,Sports,North,2.0,41.56,83.12
2614,2022-07-25,Bed Sheet Set,Home & Kitchen,West,7.0,31.77,222.39
2615,2022-07-25,Cricket Bat,Sports,West,4.0,41.32,165.28
2616,2022-07-26,Coffee Maker,Home & Kitchen,East,3.0,52.12,156.36
2617,2022-07-26,Denim Jeans,Clothing,South,2.0,41.41,82.82
2618,2022-07-26,Cotton T-Shirt,Clothing,South,5.0,14.67,73.35
2619,2022-07-26,Cricket Bat,Sports,West,1.0,45.74,45.74
2621,2022-07-27,Wireless Mouse,Electronics,Unknown,2.0,15.99,31.98
2620,2022-07-27,Non-Stick Pan,Home & Kitchen,East,7.0,25.65,179.55
2622,2022-07-27,Cotton T-Shirt,Clothing,East,6.0,14.29,85.74
2623,2022-07-28,Running Shoes,Sports,North,7.0,68.22,415.275
2624,2022-07-29,Bed Sheet Set,Home & Kitchen,West,3.0,27.21,81.63
2627,2022-07-30,Wireless Mouse,Electronics,Unknown,1.0,17.21,17.21
2626,2022-07-30,Yoga Mat,Sports,South,1.0,21.64,21.64
2625,2022-07-30,Bed Sheet Set,Home & Kitchen,East,5.0,33.25,166.25
2628,2022-07-31,Denim Jeans,Clothing,North,1.0,41.49,41.49
2629,2022-07-31,Face Moisturizer,Beauty,North,2.0,20.13,40.26
2630,2022-07-31,Wireless Mouse,Electronics,West,3.0,15.46,46.38
2631,2022-08-01,Yoga Mat,Sports,North,5.0,22.7,113.5
2632,2022-08-02,Coffee Maker,Home & Kitchen,West,4.0,47.37,189.48
2633,2022-08-03,Coffee Maker,Home & Kitchen,West,1.0,54.19,54.19
2635,2022-08-04,Running Shoes,Sports,South,1.0,58.02,58.02
2636,2022-08-04,Denim Jeans,Clothing,West,6.0,43.35,260.1
2634,2022-08-04,Mechanical Keyboard,Electronics,South,6.0,50.91,305.46
2638,2022-08-05,Cotton T-Shirt,Clothing,South,3.0,16.78,50.34
2637,2022-08-05,Yoga Mat,Sports,East,4.0,20.76,83.04
2640,2022-08-06,Winter Jacket,Clothing,North,7.0,82.11,415.275
2639,2022-08-06,Running Shoes,Sports,South,2.0,68.53,137.06
2642,2022-08-06,Wireless Mouse,Electronics,South,6.0,15.37,92.22
2641,2022-08-06,Coffee Maker,Home & Kitchen,South,4.0,57.46,114.92
2643,2022-08-07,Bed Sheet Set,Home & Kitchen,Unknown,3.0,27.31,81.93
2644,2022-08-08,Wireless Mouse,Electronics,East,2.0,15.33,30.66
2645,2022-08-08,Mechanical Keyboard,Electronics,North,4.0,54.4,217.6
2648,2022-08-09,Wireless Mouse,Electronics,West,6.0,16.31,97.86
2647,2022-08-09,Face Moisturizer,Beauty,East,2.0,19.59,39.18
2646,2022-08-09,Non-Stick Pan,Home & Kitchen,South,6.0,28.56,171.36
2650,2022-08-10,Non-Stick Pan,Home & Kitchen,East,1.0,24.23,24.23
2651,2022-08-10,Bed Sheet Set,Home & Kitchen,South,7.0,30.08,210.56
2649,2022-08-10,Shampoo,Beauty,South,2.0,10.23,20.46
2652,2022-08-11,Winter Jacket,Clothing,East,1.0,74.9,74.9
2653,2022-08-11,Denim Jeans,Clothing,North,5.0,38.01,190.05
2654,2022-08-12,Non-Stick Pan,Home & Kitchen,North,4.0,26.61,106.44
2656,2022-08-13,Wireless Mouse,Electronics,West,2.0,16.5,33.0
2655,2022-08-13,USB-C Charger,Electronics,South,5.0,10.96,54.8
2657,2022-08-14,Shampoo,Beauty,North,3.0,10.84,32.52
2658,2022-08-14,Bluetooth Speaker,Electronics,East,5.0,38.43,192.15
2659,2022-08-14,Cricket Bat,Sports,North,5.0,51.73,258.65
2660,2022-08-15,USB-C Charger,Electronics,East,6.0,11.88,71.28
2661,2022-08-16,Yoga Mat,Sports,North,2.0,18.38,36.76
2662,2022-08-16,Cricket Bat,Sports,East,6.0,46.12,276.72
2663,2022-08-17,Mechanical Keyboard,Electronics,East,4.0,52.09,208.36
2667,2022-08-18,USB-C Charger,Electronics,South,1.0,12.94,12.94
2665,2022-08-18,Denim Jeans,Clothing,West,4.0,39.34,118.02
2666,2022-08-18,Bed Sheet Set,Home & Kitchen,North,4.0,29.21,116.84
2664,2022-08-18,Shampoo,Beauty,North,3.0,9.6,28.8
2668,2022-08-19,Bed Sheet Set,Home & Kitchen,West,5.0,33.61,168.05
2669,2022-08-20,Yoga Mat,Sports,West,5.0,20.8,104.0
2672,2022-08-20,Bluetooth Speaker,Electronics,North,5.0,40.03,200.15
2671,2022-08-20,Cricket Bat,Sports,West,1.0,41.38,41.38
2670,2022-08-20,Running Shoes,Sports,East,1.0,65.21,65.21
2673,2022-08-21,Bed Sheet Set,Home & Kitchen,West,3.0,33.61,100.83
2674,2022-08-22,Mechanical Keyboard,Electronics,South,6.0,54.17,325.02
2675,2022-08-22,Bed Sheet Set,Home & Kitchen,North,5.0,28.43,142.15
2676,2022-08-23,Shampoo,Beauty,Unknown,6.0,9.98,59.88
2677,2022-08-23,Shampoo,Beauty,South,4.0,9.63,38.52
2678,2022-08-23,Bed Sheet Set,Home & Kitchen,East,1.0,30.35,30.35
2679,2022-08-24,Mechanical Keyboard,Electronics,Unknown,2.0,55.65,102.54
2681,2022-08-24,Cricket Bat,Sports,East,2.0,47.31,94.62
2680,2022-08-24,Yoga Mat,Sports,West,4.0,19.54,78.16
2682,2022-08-25,Wireless Mouse,Electronics,South,2.0,16.23,32.46
2683,2022-08-26,Denim Jeans,Clothing,West,3.0,39.06,117.18
2687,2022-08-27,Denim Jeans,Clothing,West,1.0,45.07,45.07
2684,2022-08-27,Yoga Mat,Sports,East,4.0,20.78,83.12
2688,2022-08-27,Cricket Bat,Sports,North,1.0,45.08,45.08
2685,2022-08-27,Cricket Bat,Sports,East,3.0,49.7,149.1
2686,2022-08-27,Shampoo,Beauty,North,5.0,10.31,51.55
2690,2022-08-28,Bluetooth Speaker,Electronics,West,2.0,33.16,66.32
2691,2022-08-28,Cotton T-Shirt,Clothing,South,2.0,13.83,27.66
2689,2022-08-28,Winter Jacket,Clothing,East,3.0,80.21,240.63
2692,2022-08-29,Winter Jacket,Clothing,West,2.0,82.42,164.84
2693,2022-08-29,Cricket Bat,Sports,South,6.0,42.02,252.12
2695,2022-08-30,Bluetooth Speaker,Electronics,East,4.0,38.01,152.04
2694,2022-08-30,Bluetooth Speaker,Electronics,North,7.0,34.18,239.26
2696,2022-08-30,Mechanical Keyboard,Electronics,North,6.0,53.34,320.04
2697,2022-08-31,Coffee Maker,Home & Kitchen,East,7.0,55.73,390.11
2698,2022-08-31,Winter Jacket,Clothing,North,6.0,83.11,415.275
2700,2022-09-01,Yoga Mat,Sports,Unknown,2.0,20.69,39.52
2701,2022-09-01,Non-Stick Pan,Home & Kitchen,East,4.0,27.49,109.96
2699,2022-09-01,Non-Stick Pan,Home & Kitchen,North,5.0,25.81,129.05
2702,2022-09-02,Denim Jeans,Clothing,West,2.0,42.62,85.24
2703,2022-09-02,Winter Jacket,Clothing,North,2.0,79.65,159.3
2704,2022-09-02,Wireless Mouse,Electronics,South,7.0,13.51,94.57
2707,2022-09-03,Yoga Mat,Sports,South,4.0,18.65,74.6
2706,2022-09-03,Winter Jacket,Clothing,North,4.0,81.96,327.84
2705,2022-09-03,Bluetooth Speaker,Electronics,North,3.0,37.29,111.87
2708,2022-09-04,Yoga Mat,Sports,East,6.0,20.69,115.32
2711,2022-09-05,Bluetooth Speaker,Electronics,West,2.0,31.6,63.2
2713,2022-09-05,Bed Sheet Set,Home & Kitchen,North,5.0,27.03,135.15
2710,2022-09-05,Bed Sheet Set,Home & Kitchen,North,2.0,33.05,66.1
2709,2022-09-05,Denim Jeans,Clothing,South,6.0,36.17,217.02
2712,2022-09-05,Denim Jeans,Clothing,West,4.0,42.64,170.56
2715,2022-09-06,Cricket Bat,Sports,North,2.0,51.69,103.38
2714,2022-09-06,USB-C Charger,Electronics,North,4.0,12.72,50.88
2716,2022-09-07,Shampoo,Beauty,East,1.0,10.81,10.81
2717,2022-09-08,Cricket Bat,Sports,East,7.0,51.33,359.31
2718,2022-09-09,Mechanical Keyboard,Electronics,East,1.0,53.44,53.44
2719,2022-09-10,Yoga Mat,Sports,North,7.0,22.86,160.02
2723,2022-09-11,Bed Sheet Set,Home & Kitchen,East,2.0,31.41,62.82
2721,2022-09-11,Face Moisturizer,Beauty,West,6.0,18.92,113.52
2720,2022-09-11,Bluetooth Speaker,Electronics,West,5.0,39.11,195.55
2722,2022-09-11,USB-C Charger,Electronics,West,6.0,13.01,78.06
2724,2022-09-12,Running Shoes,Sports,Unknown,7.0,58.74,411.18
2726,2022-09-13,Shampoo,Beauty,North,4.0,11.4,45.6
2729,2022-09-13,USB-C Charger,Electronics,Unknown,3.0,13.17,39.51
2727,2022-09-13,Bed Sheet Set,Home & Kitchen,East,1.0,30.95,30.95
2728,2022-09-13,Bed Sheet Set,Home & Kitchen,South,3.0,31.71,95.13
2731,2022-09-13,Running Shoes,Sports,North,3.0,56.69,170.07
2725,2022-09-13,Wireless Mouse,Electronics,North,1.0,16.08,16.08
2730,2022-09-13,Wireless Mouse,Electronics,East,1.0,15.1,15.1
2732,2022-09-14,Non-Stick Pan,Home & Kitchen,West,1.0,25.68,25.68
2733,2022-09-15,Bluetooth Speaker,Electronics,South,2.0,35.94,78.04
2735,2022-09-16,Coffee Maker,Home & Kitchen,North,5.0,48.62,243.1
2736,2022-09-16,Mechanical Keyboard,Electronics,North,7.0,56.53,395.71
2734,2022-09-16,Mechanical Keyboard,Electronics,South,2.0,56.62,113.24
2738,2022-09-16,USB-C Charger,Electronics,East,6.0,12.66,75.96
2737,2022-09-16,Winter Jacket,Clothing,South,6.0,79.27,415.275
2739,2022-09-17,Denim Jeans,Clothing,South,2.0,41.14,82.28
2741,2022-09-17,Bluetooth Speaker,Electronics,North,5.0,35.01,175.05
2740,2022-09-17,Face Moisturizer,Beauty,East,7.0,18.07,126.49
2745,2022-09-18,Shampoo,Beauty,South,2.0,10.33,20.66
2744,2022-09-18,Denim Jeans,Clothing,West,6.0,44.73,268.38
2742,2022-09-18,Yoga Mat,Sports,East,5.0,21.14,105.7
2743,2022-09-18,Face Moisturizer,Beauty,North,3.0,19.05,57.15
2746,2022-09-19,Cotton T-Shirt,Clothing,West,5.0,15.39,76.95
2747,2022-09-19,Bed Sheet Set,Home & Kitchen,East,5.0,29.52,147.6
2749,2022-09-20,Coffee Maker,Home & Kitchen,North,1.0,45.12,45.12
2748,2022-09-20,Yoga Mat,Sports,Unknown,6.0,21.84,131.04
2750,2022-09-21,Face Moisturizer,Beauty,South,7.0,20.39,142.73
2751,2022-09-22,USB-C Charger,Electronics,South,3.0,12.18,36.54
2757,2022-09-23,Running Shoes,Sports,West,4.0,67.91,203.73
2754,2022-09-23,USB-C Charger,Electronics,East,4.0,10.96,43.84
2752,2022-09-23,Mechanical Keyboard,Electronics,South,1.0,52.66,52.66
2756,2022-09-23,Cotton T-Shirt,Clothing,South,6.0,15.06,90.36
2753,2022-09-23,USB-C Charger,Electronics,West,4.0,12.69,50.76
2755,2022-09-23,Wireless Mouse,Electronics,West,1.0,16.5,16.5
2759,2022-09-24,Non-Stick Pan,Home & Kitchen,North,4.0,26.04,104.16
2758,2022-09-24,Yoga Mat,Sports,East,6.0,20.69,136.02
2761,2022-09-24,Bluetooth Speaker,Electronics,West,1.0,37.61,37.61
2760,2022-09-24,Bluetooth Speaker,Electronics,East,5.0,37.24,186.2
2762,2022-09-25,Coffee Maker,Home & Kitchen,South,3.0,45.67,137.01
2763,2022-09-25,Wireless Mouse,Electronics,North,5.0,14.69,73.45
2768,2022-09-26,Coffee Maker,Home & Kitchen,West,6.0,51.76,310.56
2764,2022-09-26,Bluetooth Speaker,Electronics,East,1.0,38.18,38.18
2765,2022-09-26,Face Moisturizer,Beauty,South,5.0,19.4,97.0
2766,2022-09-26,Shampoo,Beauty,West,2.0,9.61,19.22
2767,2022-09-26,Non-Stick Pan,Home & Kitchen,West,4.0,22.54,90.16
2769,2022-09-27,Shampoo,Beauty,West,6.0,10.73,64.38
2773,2022-09-27,Non-Stick Pan,Home & Kitchen,North,7.0,24.87,174.09
2772,2022-09-27,Yoga Mat,Sports,South,1.0,20.73,20.73
2770,2022-09-27,Face Moisturizer,Beauty,North,5.0,19.17,95.85
2771,2022-09-27,Cricket Bat,Sports,East,4.0,41.35,165.4
2774,2022-09-27,Bluetooth Speaker,Electronics,South,1.0,37.38,37.38
2775,2022-09-28,Cotton T-Shirt,Clothing,East,5.0,15.11,75.55
2776,2022-09-28,Cotton T-Shirt,Clothing,West,6.0,13.62,81.72
2777,2022-09-28,Bluetooth Speaker,Electronics,North,7.0,34.55,241.85
2779,2022-09-29,Shampoo,Beauty,North,3.0,10.65,31.95
2780,2022-09-29,Non-Stick Pan,Home & Kitchen,North,5.0,27.29,136.45
2778,2022-09-29,Mechanical Keyboard,Electronics,East,2.0,54.25,108.5
2781,2022-09-30,Running Shoes,Sports,East,4.0,64.14,256.56
2782,2022-09-30,Running Shoes,Sports,East,1.0,66.09,66.09
2783,2022-10-01,Cricket Bat,Sports,East,5.0,40.91,204.55
2784,2022-10-02,Bluetooth Speaker,Electronics,North,6.0,37.98,227.88
2787,2022-10-03,Cotton T-Shirt,Clothing,South,4.0,15.7,62.8
2785,2022-10-03,Shampoo,Beauty,East,4.0,11.46,45.84
2786,2022-10-03,Wireless Mouse,Electronics,West,4.0,13.54,54.16
2788,2022-10-04,Coffee Maker,Home & Kitchen,West,5.0,55.79,278.95
2789,2022-10-04,Cotton T-Shirt,Clothing,West,5.0,14.98,74.9
2790,2022-10-04,Cotton T-Shirt,Clothing,Unknown,2.0,17.0,34.0
2791,2022-10-05,Wireless Mouse,Electronics,North,1.0,15.18,15.18
2792,2022-10-05,Running Shoes,Sports,North,1.0,67.95,67.95
2793,2022-10-06,Wireless Mouse,Electronics,South,6.0,15.58,93.48
2794,2022-10-06,Denim Jeans,Clothing,South,1.0,45.43,45.43
2795,2022-10-07,Cricket Bat,Sports,East,3.0,44.87,134.61
2797,2022-10-07,Wireless Mouse,Electronics,West,4.0,13.57,54.28
2796,2022-10-07,Mechanical Keyboard,Electronics,East,2.0,55.65,104.04
2800,2022-10-08,Bluetooth Speaker,Electronics,East,5.0,35.74,178.7
2799,2022-10-08,Wireless Mouse,Electronics,East,7.0,14.47,101.29
2798,2022-10-08,Shampoo,Beauty,West,1.0,10.39,10.39
2801,2022-10-09,Winter Jacket,Clothing,East,3.0,77.66,232.98
2802,2022-10-10,Non-Stick Pan,Home & Kitchen,West,1.0,28.27,28.27
2803,2022-10-11,Shampoo,Beauty,North,6.0,11.1,66.6
2804,2022-10-11,Shampoo,Beauty,South,7.0,11.22,78.54
2805,2022-10-12,Running Shoes,Sports,South,4.0,68.94,275.76
2806,2022-10-13,Cricket Bat,Sports,South,1.0,43.25,43.25
2811,2022-10-14,Face Moisturizer,Beauty,North,6.0,17.45,104.7
2810,2022-10-14,Coffee Maker,Home & Kitchen,South,3.0,51.28,150.39
2809,2022-10-14,Cricket Bat,Sports,East,5.0,41.88,209.4
2807,2022-10-14,Bluetooth Speaker,Electronics,North,4.0,38.54,154.16
2808,2022-10-14,Cotton T-Shirt,Clothing,East,2.0,16.13,32.26
2812,2022-10-15,Yoga Mat,Sports,South,7.0,21.82,152.74
2814,2022-10-15,Cotton T-Shirt,Clothing,East,7.0,16.26,113.82
2813,2022-10-15,Yoga Mat,Sports,South,3.0,22.33,66.99
2816,2022-10-16,Yoga Mat,Sports,South,5.0,18.39,91.95
2818,2022-10-16,Running Shoes,Sports,South,2.0,58.06,116.12
2815,2022-10-16,Cotton T-Shirt,Clothing,East,7.0,16.33,114.31
2817,2022-10-16,Bluetooth Speaker,Electronics,East,1.0,33.59,33.59
2819,2022-10-17,Running Shoes,Sports,West,2.0,55.05,110.1
2821,2022-10-17,Cotton T-Shirt,Clothing,West,3.0,15.84,47.52
2820,2022-10-17,Mechanical Keyboard,Electronics,West,5.0,59.12,295.6
2822,2022-10-18,Bed Sheet Set,Home & Kitchen,North,3.0,33.65,100.95
2823,2022-10-18,USB-C Charger,Electronics,North,3.0,11.87,35.61
2824,2022-10-19,Mechanical Keyboard,Electronics,West,4.0,56.39,225.56
2825,2022-10-19,Wireless Mouse,Electronics,West,4.0,14.01,56.04
2826,2022-10-20,USB-C Charger,Electronics,East,2.0,11.94,23.88
2827,2022-10-20,Wireless Mouse,Electronics,South,2.0,16.93,33.86
2828,2022-10-21,Cricket Bat,Sports,East,7.0,43.46,304.22
2829,2022-10-21,Running Shoes,Sports,East,7.0,67.99,415.275
2831,2022-10-22,USB-C Charger,Electronics,South,5.0,11.56,57.8
2830,2022-10-22,Denim Jeans,Clothing,South,4.0,45.15,270.9
2833,2022-10-23,Yoga Mat,Sports,North,4.0,18.52,74.08
2834,2022-10-23,Running Shoes,Sports,North,1.0,68.07,68.07
2832,2022-10-23,Cotton T-Shirt,Clothing,East,5.0,15.41,77.05
2835,2022-10-24,Bed Sheet Set,Home & Kitchen,South,6.0,28.91,173.46
2836,2022-10-24,Bed Sheet Set,Home & Kitchen,North,2.0,27.83,55.66
2837,2022-10-24,Face Moisturizer,Beauty,West,2.0,18.73,37.46
2838,2022-10-25,Cricket Bat,Sports,West,2.0,46.62,93.24
2839,2022-10-26,Shampoo,Beauty,South,6.0,11.26,67.56
2840,2022-10-26,Cricket Bat,Sports,West,2.0,48.32,96.64
2841,2022-10-26,Running Shoes,Sports,South,6.0,64.03,384.18
2842,2022-10-26,Shampoo,Beauty,East,2.0,9.42,18.84
2846,2022-10-27,Yoga Mat,Sports,North,6.0,22.03,132.18
2843,2022-10-27,Non-Stick Pan,Home & Kitchen,South,1.0,22.82,22.82
2844,2022-10-27,Shampoo,Beauty,South,5.0,10.11,50.55
2845,2022-10-27,Non-Stick Pan,Home & Kitchen,East,6.0,27.61,165.66
2847,2022-10-28,Mechanical Keyboard,Electronics,West,6.0,55.63,333.78
2849,2022-10-29,Face Moisturizer,Beauty,North,4.0,19.64,78.56
2848,2022-10-29,Cricket Bat,Sports,South,2.0,50.34,100.68
2851,2022-10-30,Shampoo,Beauty,North,6.0,11.14,66.84
2850,2022-10-30,Bed Sheet Set,Home & Kitchen,East,4.0,31.67,126.68
2853,2022-10-31,Wireless Mouse,Electronics,East,4.0,14.81,59.24
2857,2022-10-31,USB-C Charger,Electronics,East,1.0,12.24,12.24
2852,2022-10-31,Wireless Mouse,Electronics,West,2.0,17.17,34.34
2854,2022-10-31,Mechanical Keyboard,Electronics,South,1.0,51.27,51.27
2856,2022-10-31,Wireless Mouse,Electronics,West,4.0,16.93,67.72
2855,2022-10-31,Coffee Maker,Home & Kitchen,South,4.0,49.67,198.68
2858,2022-11-01,Bluetooth Speaker,Electronics,South,5.0,40.01,200.05
2861,2022-11-01,Cotton T-Shirt,Clothing,West,5.0,14.28,71.4
2859,2022-11-01,Face Moisturizer,Beauty,South,1.0,17.64,17.64
2860,2022-11-01,Cotton T-Shirt,Clothing,South,4.0,15.5,62.0
2865,2022-11-02,Bluetooth Speaker,Electronics,Unknown,1.0,36.17,36.17
2863,2022-11-02,USB-C Charger,Electronics,North,5.0,11.86,59.3
2864,2022-11-02,Denim Jeans,Clothing,West,7.0,45.22,316.54
2862,2022-11-02,Shampoo,Beauty,West,1.0,9.47,9.47
2870,2022-11-03,Denim Jeans,Clothing,South,7.0,44.75,313.25
2866,2022-11-03,Yoga Mat,Sports,North,3.0,21.89,65.67
2867,2022-11-03,Non-Stick Pan,Home & Kitchen,North,6.0,22.76,136.56
2871,2022-11-03,Winter Jacket,Clothing,West,1.0,85.1,85.1
2869,2022-11-03,Bluetooth Speaker,Electronics,East,4.0,33.04,66.08
2868,2022-11-03,Bluetooth Speaker,Electronics,West,5.0,32.97,164.85
2873,2022-11-04,Non-Stick Pan,Home & Kitchen,South,2.0,26.46,52.92
2874,2022-11-04,Non-Stick Pan,Home & Kitchen,South,2.0,24.36,48.72
2872,2022-11-04,Cotton T-Shirt,Clothing,North,3.0,14.21,42.63
2876,2022-11-05,Bed Sheet Set,Home & Kitchen,South,6.0,34.4,206.4
2875,2022-11-05,Bed Sheet Set,Home & Kitchen,East,7.0,27.67,193.69
2879,2022-11-06,Face Moisturizer,Beauty,West,5.0,16.48,82.4
2878,2022-11-06,Shampoo,Beauty,North,6.0,10.47,62.82
2877,2022-11-06,Non-Stick Pan,Home & Kitchen,North,6.0,25.15,150.9
2882,2022-11-07,Bluetooth Speaker,Electronics,East,2.0,34.41,68.82
2881,2022-11-07,Face Moisturizer,Beauty,North,3.0,17.18,51.54
2883,2022-11-07,Cotton T-Shirt,Clothing,North,7.0,15.09,105.63
2880,2022-11-07,Shampoo,Beauty,West,7.0,10.17,71.19
2888,2022-11-08,Denim Jeans,Clothing,East,4.0,42.66,85.32
2887,2022-11-08,Bluetooth Speaker,Electronics,East,1.0,37.92,37.92
2884,2022-11-08,Bed Sheet Set,Home & Kitchen,North,4.0,27.87,111.48
2886,2022-11-08,Coffee Maker,Home & Kitchen,North,4.0,50.86,203.44
2885,2022-11-08,Winter Jacket,Clothing,East,5.0,75.76,378.8
2891,2022-11-09,Bed Sheet Set,Home & Kitchen,North,2.0,32.81,65.62
2890,2022-11-09,USB-C Charger,Electronics,North,1.0,11.64,11.64
2889,2022-11-09,Coffee Maker,Home & Kitchen,North,3.0,51.51,154.53
2899,2022-11-10,Cricket Bat,Sports,North,1.0,49.7,49.7
2897,2022-11-10,Face Moisturizer,Beauty,West,1.0,17.93,17.93
2893,2022-11-10,Winter Jacket,Clothing,East,1.0,73.88,73.88
2896,2022-11-10,Yoga Mat,Sports,South,1.0,22.57,22.57
2894,2022-11-10,Cricket Bat,Sports,West,3.0,45.05,135.15
2892,2022-11-10,Denim Jeans,Clothing,North,2.0,38.68,77.36
2895,2022-11-10,Bed Sheet Set,Home & Kitchen,South,3.0,34.47,103.41
2898,2022-11-10,Wireless Mouse,Electronics,West,7.0,16.62,116.34
2900,2022-11-11,Bed Sheet Set,Home & Kitchen,West,2.0,28.05,56.1
2901,2022-11-11,Cotton T-Shirt,Clothing,Unknown,5.0,15.18,75.9
2902,2022-11-11,Mechanical Keyboard,Electronics,West,2.0,59.48,118.96
2904,2022-11-12,Bed Sheet Set,Home & Kitchen,West,7.0,27.82,194.74
2903,2022-11-12,Mechanical Keyboard,Electronics,North,5.0,62.67,313.35
2908,2022-11-13,Yoga Mat,Sports,South,2.0,22.73,45.46
2907,2022-11-13,Mechanical Keyboard,Electronics,North,1.0,53.3,53.3
2906,2022-11-13,Bed Sheet Set,Home & Kitchen,West,7.0,31.07,217.49
2905,2022-11-13,Cricket Bat,Sports,North,5.0,50.25,251.25
2912,2022-11-14,Denim Jeans,Clothing,North,2.0,41.6,83.2
2911,2022-11-14,Denim Jeans,Clothing,North,3.0,39.25,117.75
2909,2022-11-14,Shampoo,Beauty,South,7.0,10.22,71.54
2910,2022-11-14,Shampoo,Beauty,West,2.0,9.6,19.2
2914,2022-11-14,Mechanical Keyboard,Electronics,North,2.0,57.03,114.06
2913,2022-11-14,Winter Jacket,Clothing,South,6.0,87.79,415.275
2916,2022-11-15,Wireless Mouse,Electronics,West,5.0,16.46,82.3
2915,2022-11-15,USB-C Charger,Electronics,North,7.0,11.25,78.75
2918,2022-11-16,Cotton T-Shirt,Clothing,South,5.0,13.68,68.4
2917,2022-11-16,Mechanical Keyboard,Electronics,East,6.0,55.25,331.5
2919,2022-11-16,Coffee Maker,Home & Kitchen,North,6.0,56.77,340.62
2921,2022-11-17,Wireless Mouse,Electronics,East,5.0,14.37,71.85
2923,2022-11-17,Cricket Bat,Sports,North,7.0,46.13,322.91
2922,2022-11-17,Denim Jeans,Clothing,West,6.0,42.64,255.84
2920,2022-11-17,Wireless Mouse,Electronics,East,5.0,15.19,75.95
2924,2022-11-18,USB-C Charger,Electronics,West,4.0,12.67,50.68
2925,2022-11-18,Wireless Mouse,Electronics,South,6.0,14.34,86.04
2926,2022-11-18,Coffee Maker,Home & Kitchen,North,3.0,56.46,169.38
2927,2022-11-18,Bluetooth Speaker,Electronics,Unknown,3.0,34.95,104.85
2928,2022-11-19,Cotton T-Shirt,Clothing,East,1.0,15.33,15.33
2930,2022-11-20,Yoga Mat,Sports,North,3.0,19.16,57.48
2933,2022-11-20,Shampoo,Beauty,South,5.0,10.68,53.4
2932,2022-11-20,Mechanical Keyboard,Electronics,South,5.0,53.8,269.0
2934,2022-11-20,Shampoo,Beauty,West,7.0,9.84,68.88
2931,2022-11-20,Denim Jeans,Clothing,North,7.0,42.68,298.76
2929,2022-11-20,Mechanical Keyboard,Electronics,North,2.0,61.7,123.4
2935,2022-11-21,Cotton T-Shirt,Clothing,West,6.0,15.27,91.62
2936,2022-11-21,Bluetooth Speaker,Electronics,North,4.0,38.01,152.04
2939,2022-11-22,Bluetooth Speaker,Electronics,North,1.0,36.11,36.11
2940,2022-11-22,Face Moisturizer,Beauty,East,5.0,19.2,96.0
2938,2022-11-22,Mechanical Keyboard,Electronics,South,5.0,59.82,299.1
2941,2022-11-22,Cricket Bat,Sports,East,4.0,41.68,250.08
2937,2022-11-22,Mechanical Keyboard,Electronics,West,4.0,51.5,206.0
2942,2022-11-22,Bed Sheet Set,Home & Kitchen,East,4.0,27.18,81.54
2943,2022-11-23,Wireless Mouse,Electronics,East,6.0,14.25,85.5
2945,2022-11-23,Mechanical Keyboard,Electronics,North,3.0,50.51,151.53
2944,2022-11-23,Cotton T-Shirt,Clothing,West,2.0,16.42,32.84
2946,2022-11-23,Bed Sheet Set,Home & Kitchen,West,3.0,33.06,99.18
2947,2022-11-24,Cotton T-Shirt,Clothing,Unknown,6.0,13.64,81.84
2948,2022-11-24,Winter Jacket,Clothing,East,5.0,77.98,389.9
2950,2022-11-25,Shampoo,Beauty,North,5.0,9.44,47.2
2949,2022-11-25,Running Shoes,Sports,South,2.0,67.06,134.12
2953,2022-11-26,Cricket Bat,Sports,South,3.0,42.41,127.23
2954,2022-11-26,Coffee Maker,Home & Kitchen,South,1.0,52.12,52.12
2952,2022-11-26,USB-C Charger,Electronics,East,3.0,12.32,33.24
2955,2022-11-26,Coffee Maker,Home & Kitchen,North,7.0,51.28,337.47
2956,2022-11-26,Bluetooth Speaker,Electronics,East,7.0,32.61,228.27
2957,2022-11-26,Non-Stick Pan,Home & Kitchen,East,5.0,26.81,134.05
2951,2022-11-26,Winter Jacket,Clothing,East,3.0,82.6,247.8
2963,2022-11-27,Mechanical Keyboard,Electronics,North,5.0,55.65,315.25
2960,2022-11-27,Running Shoes,Sports,North,6.0,60.56,363.36
2959,2022-11-27,Face Moisturizer,Beauty,East,7.0,19.98,139.86
2962,2022-11-27,Running Shoes,Sports,East,3.0,64.43,193.29
2961,2022-11-27,Face Moisturizer,Beauty,South,2.0,16.53,33.06
2958,2022-11-27,Bluetooth Speaker,Electronics,East,7.0,31.56,220.92
2965,2022-11-28,Yoga Mat,Sports,West,7.0,20.12,140.84
2964,2022-11-28,Yoga Mat,Sports,West,5.0,22.64,113.2
2967,2022-11-29,Running Shoes,Sports,South,4.0,64.9,194.7
2969,2022-11-29,Denim Jeans,Clothing,East,3.0,40.63,121.89
2966,2022-11-29,Denim Jeans,Clothing,South,7.0,42.34,296.38
2968,2022-11-29,Winter Jacket,Clothing,South,4.0,75.28,301.12
2973,2022-11-30,Mechanical Keyboard,Electronics,South,2.0,52.2,104.4
2972,2022-11-30,Bed Sheet Set,Home & Kitchen,South,6.0,34.21,205.26
2971,2022-11-30,Shampoo,Beauty,West,6.0,10.28,57.72
2970,2022-11-30,Cotton T-Shirt,Clothing,West,1.0,16.56,16.56
2976,2022-12-01,Shampoo,Beauty,East,6.0,10.17,61.02
2975,2022-12-01,Yoga Mat,Sports,East,3.0,18.51,55.53
2974,2022-12-01,Cotton T-Shirt,Clothing,Unknown,1.0,15.48,15.48
2978,2022-12-02,Cotton T-Shirt,Clothing,West,4.0,14.58,58.32
2983,2022-12-02,Cotton T-Shirt,Clothing,East,4.0,17.01,68.04
2982,2022-12-02,Bluetooth Speaker,Electronics,South,3.0,39.67,119.01
2980,2022-12-02,Yoga Mat,Sports,North,5.0,21.39,106.95
2981,2022-12-02,Non-Stick Pan,Home & Kitchen,East,5.0,23.87,119.35
2979,2022-12-02,Cricket Bat,Sports,South,7.0,46.57,310.45
2977,2022-12-02,Denim Jeans,Clothing,South,6.0,36.31,217.86
2985,2022-12-03,Bed Sheet Set,Home & Kitchen,Unknown,4.0,29.86,119.44
2984,2022-12-03,Shampoo,Beauty,West,5.0,11.47,57.35
2986,2022-12-04,USB-C Charger,Electronics,West,2.0,12.09,24.18
2989,2022-12-04,Non-Stick Pan,Home & Kitchen,Unknown,2.0,24.88,49.76
2987,2022-12-04,Winter Jacket,Clothing,East,5.0,83.73,415.275
2988,2022-12-04,Mechanical Keyboard,Electronics,North,7.0,61.96,415.275
2990,2022-12-04,Cricket Bat,Sports,East,2.0,46.76,93.52
2991,2022-12-05,Bluetooth Speaker,Electronics,South,7.0,33.3,233.1
2993,2022-12-05,USB-C Charger,Electronics,North,6.0,12.88,77.28
2994,2022-12-05,Wireless Mouse,Electronics,South,6.0,15.04,90.24
2995,2022-12-05,USB-C Charger,Electronics,South,5.0,11.0,55.0
2992,2022-12-05,Yoga Mat,Sports,North,7.0,21.31,149.17
2998,2022-12-06,Non-Stick Pan,Home & Kitchen,North,2.0,26.07,52.14
3000,2022-12-06,Cricket Bat,Sports,South,7.0,46.57,299.11
2996,2022-12-06,Bluetooth Speaker,Electronics,North,6.0,37.15,222.9
2999,2022-12-06,Cricket Bat,Sports,North,1.0,50.42,50.42
2997,2022-12-06,Cricket Bat,Sports,East,4.0,43.83,175.32
3001,2022-12-07,Coffee Maker,Home & Kitchen,North,6.0,49.68,298.08
3005,2022-12-08,Cotton T-Shirt,Clothing,West,6.0,13.7,82.2
3003,2022-12-08,Wireless Mouse,Electronics,South,7.0,15.54,108.78
3002,2022-12-08,Non-Stick Pan,Home & Kitchen,East,1.0,24.55,24.55
3004,2022-12-08,Mechanical Keyboard,Electronics,Unknown,4.0,52.58,210.32
3009,2022-12-09,USB-C Charger,Electronics,West,7.0,12.92,90.44
3007,2022-12-09,Face Moisturizer,Beauty,West,1.0,18.47,18.47
3010,2022-12-09,Cotton T-Shirt,Clothing,West,7.0,15.06,105.42
3006,2022-12-09,Non-Stick Pan,Home & Kitchen,South,7.0,25.51,178.57
3008,2022-12-09,Cricket Bat,Sports,East,4.0,48.46,193.84
3014,2022-12-10,Wireless Mouse,Electronics,North,1.0,16.05,16.05
3015,2022-12-10,Cricket Bat,Sports,North,3.0,47.74,143.22
3011,2022-12-10,Bed Sheet Set,Home & Kitchen,West,1.0,33.08,33.08
3013,2022-12-10,Non-Stick Pan,Home & Kitchen,East,7.0,22.81,159.67
3012,2022-12-10,Coffee Maker,Home & Kitchen,East,3.0,53.36,160.08
3018,2022-12-11,Winter Jacket,Clothing,North,4.0,88.44,353.76
3017,2022-12-11,Wireless Mouse,Electronics,South,3.0,15.86,47.58
3016,2022-12-11,Cricket Bat,Sports,East,1.0,43.43,43.43
3022,2022-12-12,Wireless Mouse,Electronics,West,4.0,17.13,68.52
3020,2022-12-12,Shampoo,Beauty,West,7.0,10.41,72.87
3021,2022-12-12,Yoga Mat,Sports,North,4.0,18.82,18.82
3019,2022-12-12,Shampoo,Beauty,North,5.0,11.5,57.5
3023,2022-12-13,Shampoo,Beauty,West,6.0,11.23,67.38
3026,2022-12-13,Cricket Bat,Sports,West,5.0,43.44,217.2
3025,2022-12-13,Cricket Bat,Sports,South,3.0,40.93,122.79
3027,2022-12-13,Cricket Bat,Sports,West,5.0,41.95,209.75
3024,2022-12-13,Shampoo,Beauty,West,2.0,11.2,22.4
3029,2022-12-14,USB-C Charger,Electronics,North,6.0,10.86,65.16
3028,2022-12-14,USB-C Charger,Electronics,South,5.0,13.75,68.75
3031,2022-12-15,Shampoo,Beauty,South,7.0,10.54,73.78
3030,2022-12-15,Cotton T-Shirt,Clothing,North,1.0,16.24,16.24
3033,2022-12-16,Face Moisturizer,Beauty,South,5.0,17.43,87.15
3032,2022-12-16,Bed Sheet Set,Home & Kitchen,South,5.0,28.03,140.15
3035,2022-12-16,USB-C Charger,Electronics,West,3.0,12.17,36.51
3036,2022-12-16,Cotton T-Shirt,Clothing,South,4.0,16.26,65.04
3034,2022-12-16,Mechanical Keyboard,Electronics,South,1.0,62.72,62.72
3039,2022-12-17,Cotton T-Shirt,Clothing,South,4.0,16.66,66.64
3037,2022-12-17,Cricket Bat,Sports,West,4.0,49.01,196.04
3038,2022-12-17,Bed Sheet Set,Home & Kitchen,South,7.0,27.3,191.1
3040,2022-12-18,Coffee Maker,Home & Kitchen,North,2.0,51.22,102.44
3042,2022-12-18,Cotton T-Shirt,Clothing,Unknown,3.0,15.02,45.06
3043,2022-12-18,Running Shoes,Sports,West,5.0,65.65,328.25
3041,2022-12-18,USB-C Charger,Electronics,West,4.0,12.57,50.28
3044,2022-12-18,Cricket Bat,Sports,South,3.0,44.48,133.44
3045,2022-12-19,Face Moisturizer,Beauty,East,2.0,17.41,34.82
3046,2022-12-19,Yoga Mat,Sports,South,4.0,22.87,68.61
3047,2022-12-19,Wireless Mouse,Electronics,North,2.0,13.65,27.3
3048,2022-12-20,Winter Jacket,Clothing,West,3.0,80.78,242.34
3049,2022-12-20,USB-C Charger,Electronics,North,1.0,13.68,13.68
3051,2022-12-20,USB-C Charger,Electronics,South,4.0,12.32,50.92
3050,2022-12-20,Coffee Maker,Home & Kitchen,East,5.0,54.67,273.35
3052,2022-12-21,Shampoo,Beauty,East,5.0,11.41,57.05
3054,2022-12-21,Wireless Mouse,Electronics,West,2.0,15.37,28.8
3053,2022-12-21,Cotton T-Shirt,Clothing,South,3.0,14.39,43.17
3055,2022-12-22,Shampoo,Beauty,East,1.0,9.62,9.62
3056,2022-12-22,Mechanical Keyboard,Electronics,West,7.0,56.83,397.81
3063,2022-12-23,Bluetooth Speaker,Electronics,West,7.0,39.92,279.44
3064,2022-12-23,Cotton T-Shirt,Clothing,South,4.0,16.28,65.12
3060,2022-12-23,Denim Jeans,Clothing,North,4.0,41.17,161.64
3062,2022-12-23,Coffee Maker,Home & Kitchen,South,1.0,45.59,45.59
3065,2022-12-23,Running Shoes,Sports,South,6.0,55.88,335.28
3057,2022-12-23,Bluetooth Speaker,Electronics,South,6.0,34.76,208.56
3061,2022-12-23,Wireless Mouse,Electronics,West,3.0,16.53,49.59
3058,2022-12-23,Bluetooth Speaker,Electronics,South,5.0,40.04,200.2
3059,2022-12-23,Non-Stick Pan,Home & Kitchen,West,5.0,28.21,141.05
3066,2022-12-24,Face Moisturizer,Beauty,South,4.0,17.46,69.84
3067,2022-12-25,Running Shoes,Sports,North,4.0,68.77,206.31
3070,2022-12-25,Bluetooth Speaker,Electronics,East,2.0,38.31,76.62
3069,2022-12-25,Bed Sheet Set,Home & Kitchen,East,2.0,33.29,66.58
3068,2022-12-25,Bluetooth Speaker,Electronics,North,7.0,31.5,220.5
3073,2022-12-26,Bed Sheet Set,Home & Kitchen,East,4.0,29.8,59.6
3071,2022-12-26,Bluetooth Speaker,Electronics,North,1.0,37.55,37.55
3072,2022-12-26,Non-Stick Pan,Home & Kitchen,South,2.0,25.1,50.2
3074,2022-12-26,Wireless Mouse,Electronics,North,2.0,13.93,27.86
3075,2022-12-27,Bluetooth Speaker,Electronics,West,3.0,39.75,119.25
3078,2022-12-27,Non-Stick Pan,Home & Kitchen,North,3.0,23.29,69.87
3077,2022-12-27,Mechanical Keyboard,Electronics,West,6.0,55.03,330.18
3076,2022-12-27,Winter Jacket,Clothing,East,4.0,81.99,327.96
3081,2022-12-28,Winter Jacket,Clothing,East,7.0,85.19,415.275
3082,2022-12-28,Cotton T-Shirt,Clothing,South,1.0,14.39,14.39
3080,2022-12-28,Wireless Mouse,Electronics,West,4.0,16.51,66.04
3079,2022-12-28,USB-C Charger,Electronics,South,3.0,13.76,41.28
3083,2022-12-29,Cricket Bat,Sports,West,1.0,40.52,40.52
3084,2022-12-29,Bed Sheet Set,Home & Kitchen,North,2.0,29.17,58.34
3087,2022-12-30,Winter Jacket,Clothing,West,5.0,77.79,388.95
3088,2022-12-30,Winter Jacket,Clothing,West,3.0,85.67,257.01
3086,2022-12-30,Mechanical Keyboard,Electronics,South,2.0,54.69,109.38
3085,2022-12-30,Coffee Maker,Home & Kitchen,South,1.0,53.69,53.69
3089,2022-12-31,Wireless Mouse,Electronics,South,5.0,14.91,74.55
3090,2023-01-01,Shampoo,Beauty,North,2.0,11.19,22.38
3091,2023-01-01,Bluetooth Speaker,Electronics,East,5.0,39.36,196.8
3092,2023-01-02,USB-C Charger,Electronics,South,7.0,11.69,81.83
3093,2023-01-02,Denim Jeans,Clothing,North,2.0,44.04,88.08
3094,2023-01-03,Shampoo,Beauty,North,2.0,10.38,20.76
3095,2023-01-04,Yoga Mat,Sports,East,6.0,18.02,108.12
3097,2023-01-05,Running Shoes,Sports,South,4.0,54.74,218.96
3096,2023-01-05,Face Moisturizer,Beauty,West,5.0,19.36,96.8
3098,2023-01-06,Mechanical Keyboard,Electronics,South,2.0,55.16,110.32
3100,2023-01-07,Cricket Bat,Sports,West,4.0,46.57,206.04
3099,2023-01-07,Running Shoes,Sports,East,7.0,59.86,415.275
3101,2023-01-08,Bluetooth Speaker,Electronics,West,1.0,40.22,40.22
3102,2023-01-09,Cricket Bat,Sports,North,5.0,41.46,207.3
3103,2023-01-10,Coffee Maker,Home & Kitchen,East,7.0,52.46,367.22
3104,2023-01-10,Coffee Maker,Home & Kitchen,West,5.0,52.64,263.2
3105,2023-01-11,Cricket Bat,Sports,North,2.0,50.46,100.92
3106,2023-01-11,Bluetooth Speaker,Electronics,West,2.0,35.96,71.92
3108,2023-01-12,USB-C Charger,Electronics,East,6.0,12.56,75.36
3107,2023-01-12,Bed Sheet Set,Home & Kitchen,West,1.0,27.19,27.19
3109,2023-01-13,Bed Sheet Set,Home & Kitchen,West,7.0,30.35,212.45
3110,2023-01-13,Bluetooth Speaker,Electronics,South,4.0,35.94,128.48
3112,2023-01-14,Denim Jeans,Clothing,North,6.0,43.09,258.54
3114,2023-01-14,Yoga Mat,Sports,South,3.0,19.69,59.07
3113,2023-01-14,Shampoo,Beauty,North,4.0,10.47,41.88
3111,2023-01-14,Mechanical Keyboard,Electronics,South,1.0,49.78,49.78
3116,2023-01-15,Coffee Maker,Home & Kitchen,East,3.0,55.84,167.52
3115,2023-01-15,Bed Sheet Set,Home & Kitchen,South,2.0,34.09,68.18
3117,2023-01-15,Non-Stick Pan,Home & Kitchen,Unknown,4.0,22.87,91.48
3118,2023-01-16,Winter Jacket,Clothing,West,1.0,80.82,80.82
3119,2023-01-17,Winter Jacket,Clothing,West,5.0,89.28,415.275
3121,2023-01-18,Running Shoes,Sports,North,4.0,66.32,132.64
3124,2023-01-18,Shampoo,Beauty,South,4.0,11.18,44.72
3122,2023-01-18,Coffee Maker,Home & Kitchen,North,3.0,45.33,135.99
3123,2023-01-18,Denim Jeans,Clothing,North,1.0,43.53,43.53
3120,2023-01-18,Shampoo,Beauty,Unknown,3.0,9.84,29.52
3125,2023-01-19,Non-Stick Pan,Home & Kitchen,West,1.0,25.56,25.56
3127,2023-01-20,Yoga Mat,Sports,North,5.0,21.52,107.6
3129,2023-01-20,Face Moisturizer,Beauty,East,6.0,16.48,98.88
3126,2023-01-20,Cotton T-Shirt,Clothing,West,1.0,14.86,14.86
3128,2023-01-20,Coffee Maker,Home & Kitchen,South,1.0,54.87,54.87
3130,2023-01-20,Bed Sheet Set,Home & Kitchen,West,7.0,29.98,209.86
3131,2023-01-21,Non-Stick Pan,Home & Kitchen,West,3.0,23.5,70.5
3133,2023-01-21,USB-C Charger,Electronics,East,4.0,13.29,53.16
3132,2023-01-21,USB-C Charger,Electronics,South,5.0,11.31,56.55
3134,2023-01-22,Face Moisturizer,Beauty,East,5.0,16.6,83.0
3136,2023-01-22,Non-Stick Pan,Home & Kitchen,West,6.0,24.74,148.44
3135,2023-01-22,USB-C Charger,Electronics,East,4.0,11.33,45.32
3137,2023-01-22,Bed Sheet Set,Home & Kitchen,West,7.0,29.75,208.25
3139,2023-01-23,Yoga Mat,Sports,East,1.0,19.72,19.72
3141,2023-01-23,Coffee Maker,Home & Kitchen,South,4.0,56.1,224.4
3142,2023-01-23,Winter Jacket,Clothing,West,3.0,87.21,261.63
3138,2023-01-23,Running Shoes,Sports,North,2.0,61.65,123.3
3140,2023-01-23,Coffee Maker,Home & Kitchen,East,3.0,50.65,151.95
3143,2023-01-24,Denim Jeans,Clothing,East,6.0,37.3,223.8
3144,2023-01-24,Bluetooth Speaker,Electronics,West,3.0,37.61,112.83
3145,2023-01-25,Wireless Mouse,Electronics,North,7.0,16.17,113.19
3146,2023-01-26,Cotton T-Shirt,Clothing,West,4.0,14.43,57.72
3147,2023-01-27,Non-Stick Pan,Home & Kitchen,West,7.0,22.95,160.65
3148,2023-01-28,Coffee Maker,Home & Kitchen,North,2.0,47.25,94.5
3151,2023-01-29,Winter Jacket,Clothing,West,7.0,84.86,415.275
3149,2023-01-29,Mechanical Keyboard,Electronics,East,7.0,51.08,357.56
3150,2023-01-29,Shampoo,Beauty,East,7.0,11.3,79.1
3154,2023-01-30,USB-C Charger,Electronics,South,7.0,11.46,80.22
3153,2023-01-30,Running Shoes,Sports,East,7.0,61.8,415.275
3152,2023-01-30,Cricket Bat,Sports,South,3.0,51.22,153.66
3155,2023-01-30,Mechanical Keyboard,Electronics,West,4.0,50.22,200.88
3156,2023-01-30,Winter Jacket,Clothing,East,5.0,85.54,415.275
3159,2023-01-31,Running Shoes,Sports,East,5.0,54.27,271.35
3157,2023-01-31,Bed Sheet Set,Home & Kitchen,North,4.0,33.96,135.84
3158,2023-01-31,Shampoo,Beauty,West,5.0,9.09,45.45
3161,2023-02-01,Bluetooth Speaker,Electronics,South,4.0,35.23,140.92
3162,2023-02-01,Wireless Mouse,Electronics,East,1.0,14.69,14.69
3160,2023-02-01,Running Shoes,Sports,North,6.0,56.79,340.74
3164,2023-02-02,Yoga Mat,Sports,North,1.0,20.98,20.98
3163,2023-02-02,Denim Jeans,Clothing,South,5.0,42.91,214.55
3166,2023-02-03,Running Shoes,Sports,West,5.0,68.34,341.7
3165,2023-02-03,Mechanical Keyboard,Electronics,East,7.0,58.96,412.72
3170,2023-02-04,Running Shoes,Sports,East,1.0,60.1,60.1
3169,2023-02-04,Shampoo,Beauty,North,1.0,11.27,11.27
3168,2023-02-04,Winter Jacket,Clothing,North,3.0,87.63,262.89
3171,2023-02-04,Running Shoes,Sports,North,2.0,62.09,117.72
3167,2023-02-04,Yoga Mat,Sports,East,2.0,20.44,40.88
3173,2023-02-05,Face Moisturizer,Beauty,West,3.0,18.88,56.64
3172,2023-02-05,Coffee Maker,Home & Kitchen,North,4.0,53.43,213.72
3176,2023-02-06,Coffee Maker,Home & Kitchen,West,7.0,49.46,346.22
3174,2023-02-06,Shampoo,Beauty,North,5.0,9.89,49.45
3175,2023-02-06,Wireless Mouse,Electronics,North,7.0,15.02,105.14
3177,2023-02-06,Bluetooth Speaker,Electronics,East,7.0,38.75,271.25
3180,2023-02-07,Cotton T-Shirt,Clothing,South,6.0,14.58,87.48
3181,2023-02-07,Mechanical Keyboard,Electronics,South,3.0,63.24,189.72
3178,2023-02-07,Cricket Bat,Sports,North,2.0,45.99,91.98
3179,2023-02-07,Running Shoes,Sports,East,7.0,58.12,406.84
3183,2023-02-08,USB-C Charger,Electronics,East,1.0,11.12,11.12
3182,2023-02-08,Cotton T-Shirt,Clothing,West,4.0,14.51,58.04
3184,2023-02-09,Wireless Mouse,Electronics,East,7.0,16.78,117.46
3186,2023-02-10,Bed Sheet Set,Home & Kitchen,East,3.0,30.97,92.91
3185,2023-02-10,Bluetooth Speaker,Electronics,West,7.0,37.24,260.68
3188,2023-02-10,Shampoo,Beauty,South,5.0,10.79,53.95
3187,2023-02-10,Cotton T-Shirt,Clothing,North,6.0,15.01,90.06
3189,2023-02-11,Yoga Mat,Sports,East,3.0,20.69,57.75
3190,2023-02-11,Cotton T-Shirt,Clothing,South,4.0,14.89,59.56
3191,2023-02-12,Yoga Mat,Sports,West,2.0,18.49,36.98
3192,2023-02-12,Shampoo,Beauty,South,5.0,9.26,46.3
3193,2023-02-12,Coffee Maker,Home & Kitchen,East,4.0,51.28,205.12
3194,2023-02-12,USB-C Charger,Electronics,South,4.0,13.3,53.2
3197,2023-02-13,Non-Stick Pan,Home & Kitchen,West,3.0,28.42,85.26
3195,2023-02-13,Yoga Mat,Sports,East,2.0,19.11,38.22
3196,2023-02-13,Wireless Mouse,Electronics,South,5.0,14.58,72.9
3198,2023-02-14,Running Shoes,Sports,West,5.0,62.3,311.5
3199,2023-02-14,Wireless Mouse,Electronics,South,5.0,15.37,84.9
3200,2023-02-14,Wireless Mouse,Electronics,West,2.0,14.3,28.6
3202,2023-02-15,Bluetooth Speaker,Electronics,West,4.0,33.28,133.12
3201,2023-02-15,Face Moisturizer,Beauty,South,2.0,18.18,36.36
3203,2023-02-16,Yoga Mat,Sports,East,3.0,22.49,67.47
3204,2023-02-16,USB-C Charger,Electronics,West,6.0,12.48,74.88
3205,2023-02-17,Face Moisturizer,Beauty,East,4.0,17.19,68.76
3206,2023-02-17,Shampoo,Beauty,West,7.0,9.54,66.78
3207,2023-02-18,Shampoo,Beauty,South,3.0,10.77,32.31
3208,2023-02-19,Bed Sheet Set,Home & Kitchen,East,3.0,33.61,100.83
3209,2023-02-19,Wireless Mouse,Electronics,South,2.0,15.7,31.4
3210,2023-02-20,Running Shoes,Sports,East,2.0,61.86,123.72
3211,2023-02-21,Wireless Mouse,Electronics,West,2.0,13.55,27.1
3216,2023-02-22,Mechanical Keyboard,Electronics,West,4.0,59.36,237.44
3213,2023-02-22,Yoga Mat,Sports,North,1.0,19.31,19.31
3212,2023-02-22,Coffee Maker,Home & Kitchen,North,2.0,52.84,105.68
3214,2023-02-22,Running Shoes,Sports,North,3.0,66.95,200.85
3215,2023-02-22,Yoga Mat,Sports,South,3.0,21.62,64.86
3219,2023-02-23,Mechanical Keyboard,Electronics,East,4.0,54.84,219.36
3218,2023-02-23,Cotton T-Shirt,Clothing,West,1.0,16.06,16.06
3217,2023-02-23,Coffee Maker,Home & Kitchen,North,4.0,51.28,224.16
3222,2023-02-24,Bluetooth Speaker,Electronics,West,1.0,40.09,40.09
3221,2023-02-24,Non-Stick Pan,Home & Kitchen,West,2.0,24.08,48.16
3220,2023-02-24,Winter Jacket,Clothing,South,4.0,80.49,321.96
3223,2023-02-25,Winter Jacket,Clothing,North,5.0,77.75,388.75
3224,2023-02-26,Shampoo,Beauty,South,5.0,10.29,51.45
3226,2023-02-27,Coffee Maker,Home & Kitchen,North,6.0,54.72,328.32
3225,2023-02-27,USB-C Charger,Electronics,North,7.0,12.92,90.44
3229,2023-02-28,Shampoo,Beauty,North,4.0,9.41,37.64
3227,2023-02-28,Shampoo,Beauty,North,6.0,10.23,61.38
3228,2023-02-28,Shampoo,Beauty,South,5.0,11.02,55.1
3232,2023-03-01,Cricket Bat,Sports,South,5.0,44.32,221.6
3230,2023-03-01,Wireless Mouse,Electronics,East,5.0,16.67,83.35
3231,2023-03-01,Non-Stick Pan,Home & Kitchen,South,6.0,25.07,150.42
3233,2023-03-02,Face Moisturizer,Beauty,West,7.0,16.84,117.88
3237,2023-03-03,Bluetooth Speaker,Electronics,West,2.0,35.88,71.76
3234,2023-03-03,Running Shoes,Sports,South,3.0,56.77,170.31
3236,2023-03-03,Wireless Mouse,Electronics,West,6.0,15.85,95.1
3235,2023-03-03,USB-C Charger,Electronics,West,2.0,13.49,26.98
3239,2023-03-04,Mechanical Keyboard,Electronics,South,6.0,59.85,359.1
3238,2023-03-04,Coffee Maker,Home & Kitchen,West,6.0,51.01,306.06
3240,2023-03-05,Cotton T-Shirt,Clothing,West,2.0,15.26,27.92
3241,2023-03-06,Wireless Mouse,Electronics,North,4.0,13.82,55.28
3242,2023-03-06,Shampoo,Beauty,West,7.0,10.44,73.08
3243,2023-03-06,USB-C Charger,Electronics,East,5.0,12.68,63.4
3244,2023-03-07,Non-Stick Pan,Home & Kitchen,West,5.0,25.84,129.2
3246,2023-03-07,Coffee Maker,Home & Kitchen,West,3.0,45.1,135.3
3245,2023-03-07,Winter Jacket,Clothing,North,5.0,78.86,394.3
3249,2023-03-08,Bed Sheet Set,Home & Kitchen,North,2.0,27.14,54.28
3247,2023-03-08,Winter Jacket,Clothing,South,5.0,72.98,364.9
3248,2023-03-08,Bluetooth Speaker,Electronics,North,2.0,36.4,72.8
3253,2023-03-09,Coffee Maker,Home & Kitchen,South,4.0,50.68,50.68
3251,2023-03-09,Wireless Mouse,Electronics,North,4.0,15.15,60.6
3252,2023-03-09,Winter Jacket,Clothing,East,5.0,73.29,366.45
3250,2023-03-09,Running Shoes,Sports,North,6.0,61.45,368.7
3257,2023-03-10,Non-Stick Pan,Home & Kitchen,East,3.0,27.46,82.38
3256,2023-03-10,Mechanical Keyboard,Electronics,North,7.0,62.21,415.275
3258,2023-03-10,Shampoo,Beauty,East,7.0,9.54,66.78
3255,2023-03-10,USB-C Charger,Electronics,East,5.0,11.47,57.35
3254,2023-03-10,Coffee Maker,Home & Kitchen,North,5.0,49.38,246.9
3259,2023-03-10,Wireless Mouse,Electronics,North,2.0,17.02,34.04
3260,2023-03-11,Yoga Mat,Sports,West,1.0,19.55,19.55
3262,2023-03-11,Non-Stick Pan,Home & Kitchen,East,4.0,22.56,90.24
3261,2023-03-11,Winter Jacket,Clothing,West,4.0,79.91,319.64
3263,2023-03-12,Face Moisturizer,Beauty,North,7.0,18.57,129.99
3264,2023-03-13,Face Moisturizer,Beauty,East,4.0,19.6,415.275
3269,2023-03-14,Running Shoes,Sports,North,1.0,62.09,62.09
3266,2023-03-14,Winter Jacket,Clothing,South,7.0,82.11,415.275
3265,2023-03-14,Winter Jacket,Clothing,West,6.0,88.1,415.275
3268,2023-03-14,USB-C Charger,Electronics,West,1.0,10.91,10.91
3270,2023-03-14,Wireless Mouse,Electronics,South,7.0,15.72,110.04
3267,2023-03-14,Bed Sheet Set,Home & Kitchen,West,4.0,30.33,121.32
3272,2023-03-15,Shampoo,Beauty,South,2.0,10.61,21.22
3271,2023-03-15,Bed Sheet Set,Home & Kitchen,West,7.0,28.28,197.96
3274,2023-03-16,Cotton T-Shirt,Clothing,East,6.0,15.26,101.88
3273,2023-03-16,Mechanical Keyboard,Electronics,West,7.0,62.76,415.275
3276,2023-03-17,Winter Jacket,Clothing,South,7.0,87.47,415.275
3275,2023-03-17,Bluetooth Speaker,Electronics,North,6.0,38.71,232.26
3278,2023-03-17,Running Shoes,Sports,West,2.0,59.11,118.22
3277,2023-03-17,Bed Sheet Set,Home & Kitchen,West,2.0,31.84,63.68
3282,2023-03-18,Wireless Mouse,Electronics,South,4.0,14.49,86.94
3279,2023-03-18,Cotton T-Shirt,Clothing,North,4.0,15.72,15.72
3281,2023-03-18,Cricket Bat,Sports,North,4.0,47.21,188.84
3280,2023-03-18,Cricket Bat,Sports,Unknown,6.0,45.29,271.74
3285,2023-03-19,Coffee Maker,Home & Kitchen,West,7.0,49.7,347.9
3283,2023-03-19,Winter Jacket,Clothing,West,5.0,87.1,415.275
3284,2023-03-19,Cotton T-Shirt,Clothing,West,2.0,15.58,31.16
3287,2023-03-20,Shampoo,Beauty,West,5.0,9.41,47.05
3288,2023-03-20,Wireless Mouse,Electronics,West,5.0,15.61,78.05
3289,2023-03-20,Running Shoes,Sports,South,7.0,57.76,404.32
3286,2023-03-20,Bed Sheet Set,Home & Kitchen,West,7.0,31.69,221.83
3293,2023-03-21,Non-Stick Pan,Home & Kitchen,South,1.0,26.24,26.24
3291,2023-03-21,Face Moisturizer,Beauty,North,1.0,19.17,19.17
3292,2023-03-21,Wireless Mouse,Electronics,North,6.0,13.78,82.68
3294,2023-03-21,USB-C Charger,Electronics,East,2.0,11.62,23.24
3290,2023-03-21,Running Shoes,Sports,East,1.0,58.3,58.3
3296,2023-03-22,Bed Sheet Set,Home & Kitchen,East,2.0,29.11,58.22
3295,2023-03-22,Bluetooth Speaker,Electronics,West,6.0,34.72,208.32
3297,2023-03-22,Denim Jeans,Clothing,South,3.0,44.33,132.99
3298,2023-03-22,Bluetooth Speaker,Electronics,South,5.0,34.93,174.65
3300,2023-03-23,Coffee Maker,Home & Kitchen,North,3.0,51.12,153.36
3302,2023-03-23,Mechanical Keyboard,Electronics,West,2.0,53.73,107.46
3299,2023-03-23,Running Shoes,Sports,South,2.0,57.85,115.7
3301,2023-03-23,Running Shoes,Sports,South,4.0,68.3,273.2
3305,2023-03-24,Running Shoes,Sports,West,7.0,59.89,415.275
3304,2023-03-24,Face Moisturizer,Beauty,East,3.0,20.35,61.05
3303,2023-03-24,Running Shoes,Sports,South,6.0,64.67,388.02
3306,2023-03-25,Bed Sheet Set,Home & Kitchen,West,7.0,29.73,208.11
3307,2023-03-25,Shampoo,Beauty,South,1.0,10.88,10.88
3308,2023-03-26,Coffee Maker,Home & Kitchen,East,7.0,54.03,378.21
3310,2023-03-26,Bed Sheet Set,Home & Kitchen,South,3.0,32.66,97.98
3309,2023-03-26,Cotton T-Shirt,Clothing,North,7.0,16.3,114.1
3311,2023-03-27,Bed Sheet Set,Home & Kitchen,South,5.0,33.02,165.1
3312,2023-03-28,Winter Jacket,Clothing,West,4.0,73.42,293.68
3316,2023-03-29,Mechanical Keyboard,Electronics,West,1.0,60.5,60.5
3315,2023-03-29,USB-C Charger,Electronics,East,2.0,11.37,22.74
3313,2023-03-29,Non-Stick Pan,Home & Kitchen,West,7.0,25.75,180.25
3314,2023-03-29,Mechanical Keyboard,Electronics,West,6.0,60.39,362.34
3317,2023-03-30,Mechanical Keyboard,Electronics,North,4.0,56.93,227.72
3318,2023-03-30,USB-C Charger,Electronics,West,1.0,12.67,12.67
3320,2023-03-31,Bed Sheet Set,Home & Kitchen,West,1.0,33.7,33.7
3321,2023-03-31,Non-Stick Pan,Home & Kitchen,South,3.0,26.81,80.43
3322,2023-03-31,Cricket Bat,Sports,West,1.0,43.25,43.25
3319,2023-03-31,Bed Sheet Set,Home & Kitchen,South,6.0,31.93,191.58
3325,2023-04-01,Denim Jeans,Clothing,North,2.0,41.11,82.22
3323,2023-04-01,Denim Jeans,Clothing,East,2.0,43.93,87.86
3324,2023-04-01,Non-Stick Pan,Home & Kitchen,South,4.0,25.84,103.36
3326,2023-04-01,Winter Jacket,Clothing,South,3.0,80.4,241.2
3327,2023-04-02,Mechanical Keyboard,Electronics,South,7.0,56.97,398.79
3329,2023-04-03,Shampoo,Beauty,North,1.0,10.65,10.65
3328,2023-04-03,Bed Sheet Set,Home & Kitchen,West,3.0,31.92,95.76
3332,2023-04-04,Running Shoes,Sports,West,4.0,65.56,262.24
3331,2023-04-04,Bed Sheet Set,Home & Kitchen,North,4.0,29.03,116.12
3335,2023-04-04,Bed Sheet Set,Home & Kitchen,West,3.0,30.22,90.66
3330,2023-04-04,Wireless Mouse,Electronics,East,3.0,14.81,44.43
3333,2023-04-04,Wireless Mouse,Electronics,North,4.0,14.25,57.0
3334,2023-04-04,Denim Jeans,Clothing,East,3.0,45.35,136.05
3336,2023-04-05,Wireless Mouse,Electronics,West,4.0,15.22,30.44
3338,2023-04-06,Coffee Maker,Home & Kitchen,North,6.0,47.58,285.48
3340,2023-04-06,USB-C Charger,Electronics,South,1.0,12.04,12.04
3339,2023-04-06,Winter Jacket,Clothing,West,6.0,91.2,415.275
3337,2023-04-06,Bluetooth Speaker,Electronics,West,7.0,39.67,277.69
3341,2023-04-07,Wireless Mouse,Electronics,Unknown,6.0,15.38,92.28
3343,2023-04-07,Yoga Mat,Sports,North,2.0,22.71,45.42
3342,2023-04-07,Face Moisturizer,Beauty,South,3.0,17.89,53.67
3344,2023-04-08,Non-Stick Pan,Home & Kitchen,West,6.0,25.86,155.16
3345,2023-04-09,USB-C Charger,Electronics,West,1.0,11.67,11.67
3346,2023-04-09,Bluetooth Speaker,Electronics,South,3.0,39.61,118.83
3347,2023-04-09,Coffee Maker,Home & Kitchen,East,6.0,50.6,303.6
3348,2023-04-10,USB-C Charger,Electronics,East,4.0,13.58,54.32
3350,2023-04-11,Coffee Maker,Home & Kitchen,West,2.0,53.69,107.38
3351,2023-04-11,USB-C Charger,Electronics,East,6.0,11.22,67.32
3349,2023-04-11,Non-Stick Pan,Home & Kitchen,West,4.0,23.29,93.16
3352,2023-04-12,Running Shoes,Sports,North,6.0,58.61,351.66
3353,2023-04-12,Winter Jacket,Clothing,West,4.0,86.34,345.36
3357,2023-04-13,Non-Stick Pan,Home & Kitchen,West,5.0,28.48,142.4
3354,2023-04-13,Non-Stick Pan,Home & Kitchen,North,6.0,24.09,144.54
3355,2023-04-13,Bed Sheet Set,Home & Kitchen,East,3.0,32.16,96.48
3356,2023-04-13,Shampoo,Beauty,West,1.0,9.11,9.11
3359,2023-04-14,Winter Jacket,Clothing,North,4.0,77.81,311.24
3358,2023-04-14,Cricket Bat,Sports,East,7.0,41.36,289.52
3360,2023-04-15,Yoga Mat,Sports,Unknown,5.0,20.57,102.85
3364,2023-04-16,Yoga Mat,Sports,East,4.0,18.49,73.96
3361,2023-04-16,Mechanical Keyboard,Electronics,North,5.0,57.05,285.25
3367,2023-04-16,Denim Jeans,Clothing,South,4.0,44.81,179.24
3366,2023-04-16,Non-Stick Pan,Home & Kitchen,West,5.0,23.62,118.10000000000001
3363,2023-04-16,Yoga Mat,Sports,North,5.0,22.38,111.9
3362,2023-04-16,Mechanical Keyboard,Electronics,North,5.0,55.62,278.1
3365,2023-04-16,Bluetooth Speaker,Electronics,North,7.0,33.76,236.32
3368,2023-04-17,Non-Stick Pan,Home & Kitchen,North,1.0,28.15,28.15
3369,2023-04-17,Winter Jacket,Clothing,North,3.0,88.1,264.3
3371,2023-04-18,USB-C Charger,Electronics,East,6.0,13.63,81.78
3372,2023-04-18,Yoga Mat,Sports,East,7.0,18.89,132.23
3370,2023-04-18,Yoga Mat,Sports,West,2.0,22.95,45.9
3375,2023-04-19,Face Moisturizer,Beauty,East,4.0,19.32,77.28
3376,2023-04-19,Non-Stick Pan,Home & Kitchen,North,1.0,27.26,27.26
3373,2023-04-19,Cotton T-Shirt,Clothing,North,5.0,15.26,81.05
3374,2023-04-19,Coffee Maker,Home & Kitchen,North,6.0,48.88,293.28
3377,2023-04-20,Non-Stick Pan,Home & Kitchen,East,4.0,28.0,112.0
3379,2023-04-21,Denim Jeans,Clothing,West,5.0,43.88,219.4
3378,2023-04-21,Non-Stick Pan,Home & Kitchen,South,4.0,27.64,193.48
3380,2023-04-22,USB-C Charger,Electronics,North,6.0,12.93,77.58
3383,2023-04-22,Denim Jeans,Clothing,West,4.0,43.81,175.24
3382,2023-04-22,Shampoo,Beauty,South,6.0,9.61,57.66
3381,2023-04-22,Winter Jacket,Clothing,West,4.0,82.1,328.4
3384,2023-04-23,Bed Sheet Set,Home & Kitchen,West,7.0,28.85,201.95
3388,2023-04-24,Mechanical Keyboard,Electronics,East,5.0,62.55,312.75
3387,2023-04-24,Winter Jacket,Clothing,West,3.0,85.3,255.9
3386,2023-04-24,Cricket Bat,Sports,South,7.0,50.36,352.52
3385,2023-04-24,Non-Stick Pan,Home & Kitchen,North,7.0,26.97,188.79
3391,2023-04-25,Non-Stick Pan,Home & Kitchen,East,4.0,22.57,90.28
3390,2023-04-25,Cricket Bat,Sports,West,3.0,48.23,144.69
3389,2023-04-25,Non-Stick Pan,Home & Kitchen,South,1.0,23.31,23.31
3392,2023-04-25,Shampoo,Beauty,South,1.0,10.02,10.02
3393,2023-04-26,Yoga Mat,Sports,West,1.0,21.51,21.51
3394,2023-04-26,Bluetooth Speaker,Electronics,North,1.0,32.47,32.47
3395,2023-04-27,USB-C Charger,Electronics,South,6.0,12.38,74.28
3397,2023-04-28,Running Shoes,Sports,West,2.0,54.89,109.78
3398,2023-04-28,Running Shoes,Sports,South,4.0,56.83,227.32
3399,2023-04-28,Cotton T-Shirt,Clothing,North,3.0,17.25,51.75
3396,2023-04-28,Face Moisturizer,Beauty,North,5.0,20.69,103.45
3402,2023-04-29,Bed Sheet Set,Home & Kitchen,East,4.0,34.28,137.12
3401,2023-04-29,Shampoo,Beauty,South,7.0,11.43,80.00999999999999
3400,2023-04-29,Yoga Mat,Sports,Unknown,6.0,19.93,119.58
3403,2023-04-30,Winter Jacket,Clothing,South,6.0,80.76,415.275
3404,2023-04-30,Winter Jacket,Clothing,West,5.0,77.13,385.65
3405,2023-04-30,Cotton T-Shirt,Clothing,East,5.0,14.64,73.2
3406,2023-05-01,Bluetooth Speaker,Electronics,North,4.0,35.76,143.04
3407,2023-05-01,Bluetooth Speaker,Electronics,North,1.0,37.76,37.76
3408,2023-05-02,Running Shoes,Sports,West,6.0,56.53,339.18
3409,2023-05-02,Coffee Maker,Home & Kitchen,South,3.0,55.19,165.57
3410,2023-05-02,Cricket Bat,Sports,East,1.0,43.65,43.65
3411,2023-05-03,Winter Jacket,Clothing,West,2.0,72.16,144.32
3412,2023-05-04,Face Moisturizer,Beauty,East,4.0,16.65,66.6
3413,2023-05-04,Winter Jacket,Clothing,Unknown,7.0,77.92,415.275
3414,2023-05-05,Wireless Mouse,Electronics,East,6.0,15.37,90.6
3415,2023-05-05,Cricket Bat,Sports,South,5.0,47.43,237.15
3416,2023-05-05,Non-Stick Pan,Home & Kitchen,South,6.0,25.98,155.88
3417,2023-05-06,Mechanical Keyboard,Electronics,North,6.0,57.58,345.48
3419,2023-05-06,Shampoo,Beauty,South,7.0,11.06,77.42
3418,2023-05-06,Coffee Maker,Home & Kitchen,East,3.0,51.65,154.95
3420,2023-05-07,Bed Sheet Set,Home & Kitchen,West,4.0,30.97,61.94
3422,2023-05-08,Coffee Maker,Home & Kitchen,West,2.0,57.36,114.72
3421,2023-05-08,Running Shoes,Sports,South,4.0,60.97,243.88
3424,2023-05-08,Bluetooth Speaker,Electronics,North,5.0,38.89,194.45
3423,2023-05-08,Cotton T-Shirt,Clothing,South,7.0,17.11,119.77
3426,2023-05-09,Cricket Bat,Sports,East,4.0,45.78,183.12
3425,2023-05-09,USB-C Charger,Electronics,North,3.0,11.43,34.29
3428,2023-05-09,Cricket Bat,Sports,South,2.0,45.79,91.58
3427,2023-05-09,Mechanical Keyboard,Electronics,West,7.0,54.92,384.44
3431,2023-05-10,Running Shoes,Sports,South,7.0,66.58,415.275
3430,2023-05-10,Bluetooth Speaker,Electronics,South,2.0,37.6,75.2
3432,2023-05-10,Wireless Mouse,Electronics,East,4.0,15.5,62.0
3429,2023-05-10,Mechanical Keyboard,Electronics,North,5.0,58.33,291.65
3433,2023-05-11,Non-Stick Pan,Home & Kitchen,East,2.0,25.66,55.9
3435,2023-05-11,Yoga Mat,Sports,South,2.0,21.59,43.18
3436,2023-05-11,Wireless Mouse,Electronics,South,2.0,14.09,28.18
3434,2023-05-11,Cricket Bat,Sports,South,1.0,41.08,41.08
3439,2023-05-12,Winter Jacket,Clothing,West,5.0,82.2,411.0
3437,2023-05-12,Bed Sheet Set,Home & Kitchen,South,2.0,33.03,66.06
3438,2023-05-12,Winter Jacket,Clothing,East,6.0,81.1,415.275
3440,2023-05-13,Bed Sheet Set,Home & Kitchen,Unknown,6.0,33.86,203.16
3441,2023-05-13,Running Shoes,Sports,South,2.0,57.63,115.26
3442,2023-05-14,Cricket Bat,Sports,West,5.0,43.06,215.3
3443,2023-05-15,Bluetooth Speaker,Electronics,South,7.0,37.95,265.65
3444,2023-05-15,Wireless Mouse,Electronics,North,5.0,16.89,84.45
3445,2023-05-15,Non-Stick Pan,Home & Kitchen,East,1.0,27.81,27.81
3446,2023-05-16,Winter Jacket,Clothing,East,4.0,80.84,323.36
3447,2023-05-16,Shampoo,Beauty,East,1.0,10.85,10.85
3449,2023-05-17,Mechanical Keyboard,Electronics,East,2.0,58.64,117.28
3448,2023-05-17,Bed Sheet Set,Home & Kitchen,West,3.0,33.33,99.99
3450,2023-05-17,Cricket Bat,Sports,South,3.0,49.51,148.53
3451,2023-05-17,Yoga Mat,Sports,North,2.0,20.19,40.38
3452,2023-05-18,Winter Jacket,Clothing,West,1.0,85.36,85.36
3453,2023-05-19,Mechanical Keyboard,Electronics,North,7.0,60.26,415.275
3454,2023-05-20,Winter Jacket,Clothing,West,6.0,81.57,415.275
3456,2023-05-20,Running Shoes,Sports,West,7.0,62.09,415.275
3455,2023-05-20,Shampoo,Beauty,North,2.0,9.93,19.86
3457,2023-05-21,Cotton T-Shirt,Clothing,West,6.0,13.94,83.64
3459,2023-05-21,Coffee Maker,Home & Kitchen,South,5.0,52.22,261.1
3458,2023-05-21,Denim Jeans,Clothing,North,4.0,38.19,152.76
3462,2023-05-22,Bed Sheet Set,Home & Kitchen,Unknown,4.0,29.35,117.4
3463,2023-05-22,Bluetooth Speaker,Electronics,West,5.0,39.92,199.6
3460,2023-05-22,Mechanical Keyboard,Electronics,East,4.0,50.45,201.8
3461,2023-05-22,Cricket Bat,Sports,West,2.0,44.16,88.32
3464,2023-05-23,Wireless Mouse,Electronics,South,1.0,13.91,13.91
3465,2023-05-23,USB-C Charger,Electronics,North,7.0,13.34,93.38
3466,2023-05-24,Bluetooth Speaker,Electronics,East,3.0,35.01,105.03
3467,2023-05-24,Shampoo,Beauty,North,7.0,9.54,66.78
3468,2023-05-25,Face Moisturizer,Beauty,West,1.0,20.09,20.09
3470,2023-05-25,Cotton T-Shirt,Clothing,North,6.0,15.08,90.48
3469,2023-05-25,Winter Jacket,Clothing,North,6.0,75.76,415.275
3471,2023-05-26,USB-C Charger,Electronics,West,7.0,11.31,79.17
3472,2023-05-26,Non-Stick Pan,Home & Kitchen,West,6.0,23.33,139.98
3475,2023-05-27,Shampoo,Beauty,West,6.0,11.1,66.6
3473,2023-05-27,Coffee Maker,Home & Kitchen,West,1.0,52.19,52.19
3474,2023-05-27,Coffee Maker,Home & Kitchen,West,4.0,48.35,193.4
3479,2023-05-28,Shampoo,Beauty,North,1.0,11.33,11.33
3478,2023-05-28,Shampoo,Beauty,South,6.0,10.68,64.08
3477,2023-05-28,Coffee Maker,Home & Kitchen,East,1.0,55.4,55.4
3476,2023-05-28,Shampoo,Beauty,West,6.0,9.08,54.48
3480,2023-05-29,USB-C Charger,Electronics,South,4.0,12.53,50.12
3482,2023-05-30,Cotton T-Shirt,Clothing,East,7.0,16.22,113.54
3481,2023-05-30,Wireless Mouse,Electronics,West,1.0,15.66,15.66
3486,2023-05-31,Mechanical Keyboard,Electronics,West,6.0,63.18,379.08
3484,2023-05-31,Mechanical Keyboard,Electronics,North,3.0,53.23,159.69
3485,2023-05-31,Running Shoes,Sports,East,3.0,62.0,186.0
3483,2023-05-31,Running Shoes,Sports,West,7.0,56.71,396.97
3488,2023-06-01,Mechanical Keyboard,Electronics,West,1.0,50.73,50.73
3489,2023-06-01,Non-Stick Pan,Home & Kitchen,West,1.0,22.63,22.63
3487,2023-06-01,Denim Jeans,Clothing,West,5.0,36.52,182.6
3491,2023-06-02,Coffee Maker,Home & Kitchen,North,4.0,53.07,212.28
3490,2023-06-02,Bed Sheet Set,Home & Kitchen,North,6.0,32.34,194.04
3492,2023-06-03,Face Moisturizer,Beauty,North,4.0,18.13,72.52
3495,2023-06-03,Winter Jacket,Clothing,South,2.0,77.04,154.08
3493,2023-06-03,USB-C Charger,Electronics,East,7.0,12.68,88.76
3494,2023-06-03,Bluetooth Speaker,Electronics,South,3.0,33.77,101.31
3497,2023-06-04,Shampoo,Beauty,East,5.0,10.98,54.9
3496,2023-06-04,Bed Sheet Set,Home & Kitchen,South,5.0,32.09,160.45
3501,2023-06-04,Yoga Mat,Sports,North,4.0,18.07,72.28
3499,2023-06-04,Wireless Mouse,Electronics,West,2.0,15.04,30.08
3498,2023-06-04,Mechanical Keyboard,Electronics,South,4.0,54.97,219.88
3500,2023-06-04,Cricket Bat,Sports,West,1.0,47.29,47.29
3506,2023-06-05,Cricket Bat,Sports,South,7.0,51.18,358.26
3502,2023-06-05,Running Shoes,Sports,East,4.0,65.85,263.4
3503,2023-06-05,Running Shoes,Sports,North,1.0,59.51,59.51
3505,2023-06-05,Cotton T-Shirt,Clothing,South,2.0,13.71,27.42
3507,2023-06-05,Running Shoes,Sports,South,2.0,62.41,124.82
3504,2023-06-05,USB-C Charger,Electronics,North,2.0,10.93,21.86
3510,2023-06-06,Winter Jacket,Clothing,East,5.0,77.76,388.8
3508,2023-06-06,Cotton T-Shirt,Clothing,South,4.0,17.17,68.68
3509,2023-06-06,Cricket Bat,Sports,North,5.0,45.31,226.55
3512,2023-06-07,Denim Jeans,Clothing,East,1.0,43.34,43.34
3514,2023-06-07,Yoga Mat,Sports,North,3.0,21.37,64.11
3511,2023-06-07,Coffee Maker,Home & Kitchen,North,7.0,45.73,320.11
3513,2023-06-07,Face Moisturizer,Beauty,North,2.0,18.73,37.46
3517,2023-06-08,Denim Jeans,Clothing,North,1.0,38.2,38.2
3518,2023-06-08,Cotton T-Shirt,Clothing,North,5.0,13.59,67.95
3515,2023-06-08,Face Moisturizer,Beauty,West,2.0,19.81,39.62
3516,2023-06-08,Mechanical Keyboard,Electronics,West,4.0,50.88,203.52
3519,2023-06-09,Cotton T-Shirt,Clothing,West,6.0,17.11,102.66
3520,2023-06-09,Cotton T-Shirt,Clothing,South,4.0,14.13,56.52
3521,2023-06-10,Winter Jacket,Clothing,East,1.0,74.55,74.55
3523,2023-06-11,Mechanical Keyboard,Electronics,West,5.0,55.65,307.3
3522,2023-06-11,Coffee Maker,Home & Kitchen,North,4.0,45.37,181.48
3524,2023-06-11,Winter Jacket,Clothing,North,4.0,84.74,415.275
3529,2023-06-12,Coffee Maker,Home & Kitchen,North,4.0,45.99,183.96
3528,2023-06-12,Cricket Bat,Sports,West,5.0,48.12,240.6
3525,2023-06-12,Wireless Mouse,Electronics,North,7.0,14.35,100.45
3526,2023-06-12,Cricket Bat,Sports,West,7.0,44.84,313.88
3527,2023-06-12,Denim Jeans,Clothing,South,1.0,41.17,42.77
3531,2023-06-13,Shampoo,Beauty,South,2.0,10.33,20.66
3530,2023-06-13,Mechanical Keyboard,Electronics,West,2.0,55.55,111.1
3533,2023-06-14,Bed Sheet Set,Home & Kitchen,South,1.0,32.77,32.77
3535,2023-06-14,Running Shoes,Sports,North,2.0,55.64,111.28
3532,2023-06-14,Cricket Bat,Sports,North,1.0,43.13,43.13
3534,2023-06-14,Denim Jeans,Clothing,South,6.0,39.62,237.72
3536,2023-06-15,Non-Stick Pan,Home & Kitchen,East,2.0,28.33,56.66
3537,2023-06-15,Cotton T-Shirt,Clothing,North,7.0,14.2,99.4
3543,2023-06-16,Cotton T-Shirt,Clothing,South,4.0,14.99,14.99
3539,2023-06-16,USB-C Charger,Electronics,West,7.0,11.68,81.76
3540,2023-06-16,Face Moisturizer,Beauty,East,4.0,18.83,18.83
3541,2023-06-16,Wireless Mouse,Electronics,South,7.0,16.57,115.99000000000001
3542,2023-06-16,Coffee Maker,Home & Kitchen,North,1.0,46.84,46.84
3538,2023-06-16,Cricket Bat,Sports,North,3.0,47.34,142.02
3544,2023-06-17,Running Shoes,Sports,West,6.0,65.27,391.62
3545,2023-06-17,USB-C Charger,Electronics,East,6.0,10.9,65.4
3548,2023-06-18,Winter Jacket,Clothing,East,4.0,72.16,288.64
3546,2023-06-18,Yoga Mat,Sports,West,6.0,20.15,120.9
3547,2023-06-18,Face Moisturizer,Beauty,South,2.0,17.0,34.0
3553,2023-06-18,Wireless Mouse,Electronics,South,4.0,14.28,57.12
3552,2023-06-18,Non-Stick Pan,Home & Kitchen,West,2.0,28.09,56.18
3551,2023-06-18,Yoga Mat,Sports,West,1.0,20.52,20.52
3550,2023-06-18,Bed Sheet Set,Home & Kitchen,East,4.0,31.9,127.6
3549,2023-06-18,Mechanical Keyboard,Electronics,East,7.0,59.16,414.12
3555,2023-06-19,Non-Stick Pan,Home & Kitchen,South,5.0,22.51,112.55
3554,2023-06-19,Face Moisturizer,Beauty,South,7.0,19.64,137.48
3557,2023-06-19,Bed Sheet Set,Home & Kitchen,West,3.0,33.78,101.34
3558,2023-06-19,Running Shoes,Sports,West,4.0,61.16,244.64
3556,2023-06-19,Coffee Maker,Home & Kitchen,East,4.0,56.16,224.64
3561,2023-06-20,Yoga Mat,Sports,West,4.0,21.71,108.55
3562,2023-06-20,USB-C Charger,Electronics,East,7.0,13.61,95.27
3559,2023-06-20,Coffee Maker,Home & Kitchen,East,5.0,52.61,263.05
3560,2023-06-20,Non-Stick Pan,Home & Kitchen,East,5.0,25.66,132.95
3567,2023-06-21,Bluetooth Speaker,Electronics,East,6.0,33.49,200.94
3566,2023-06-21,Face Moisturizer,Beauty,South,6.0,18.98,113.88
3563,2023-06-21,Non-Stick Pan,Home & Kitchen,East,3.0,24.12,72.36
3564,2023-06-21,Mechanical Keyboard,Electronics,South,1.0,54.29,54.29
3565,2023-06-21,Winter Jacket,Clothing,East,7.0,72.64,415.275
3568,2023-06-22,Cotton T-Shirt,Clothing,East,6.0,17.12,102.72
3569,2023-06-22,Shampoo,Beauty,South,7.0,10.8,75.6
3570,2023-06-23,Bed Sheet Set,Home & Kitchen,East,1.0,28.58,28.58
3571,2023-06-23,Bluetooth Speaker,Electronics,South,7.0,33.79,236.53
3572,2023-06-23,Cotton T-Shirt,Clothing,East,3.0,15.87,47.61
3575,2023-06-24,Running Shoes,Sports,West,4.0,54.31,217.24
3574,2023-06-24,Mechanical Keyboard,Electronics,West,6.0,62.09,372.54
3573,2023-06-24,Cotton T-Shirt,Clothing,South,2.0,14.14,28.28
3576,2023-06-25,Bed Sheet Set,Home & Kitchen,South,2.0,33.35,66.7
3578,2023-06-25,Mechanical Keyboard,Electronics,West,1.0,55.65,55.55
3577,2023-06-25,Yoga Mat,Sports,North,4.0,20.17,80.68
3581,2023-06-26,Running Shoes,Sports,West,5.0,63.37,316.85
3580,2023-06-26,Denim Jeans,Clothing,Unknown,6.0,45.15,270.9
3579,2023-06-26,Face Moisturizer,Beauty,West,7.0,18.69,130.83
3582,2023-06-27,Yoga Mat,Sports,West,4.0,20.45,81.8
3584,2023-06-27,USB-C Charger,Electronics,North,1.0,13.3,13.3
3586,2023-06-27,USB-C Charger,Electronics,West,6.0,13.55,81.3
3587,2023-06-27,Shampoo,Beauty,North,4.0,10.01,40.04
3583,2023-06-27,Coffee Maker,Home & Kitchen,North,4.0,49.58,198.32
3585,2023-06-27,Bluetooth Speaker,Electronics,North,7.0,38.75,271.25
3590,2023-06-28,Cricket Bat,Sports,South,3.0,47.55,142.65
3588,2023-06-28,Cotton T-Shirt,Clothing,North,5.0,14.41,72.05
3589,2023-06-28,Shampoo,Beauty,East,5.0,10.36,51.8
3591,2023-06-29,Winter Jacket,Clothing,East,4.0,74.95,299.8
3594,2023-06-29,Bluetooth Speaker,Electronics,South,4.0,33.49,133.96
3593,2023-06-29,Bed Sheet Set,Home & Kitchen,South,5.0,29.26,146.3
3592,2023-06-29,Shampoo,Beauty,West,7.0,10.06,70.42
3598,2023-06-30,Bed Sheet Set,Home & Kitchen,North,4.0,34.32,137.28
3596,2023-06-30,USB-C Charger,Electronics,South,5.0,13.69,68.45
3595,2023-06-30,USB-C Charger,Electronics,East,3.0,11.44,34.32
3597,2023-06-30,Winter Jacket,Clothing,East,7.0,86.57,415.275
3600,2023-07-01,Bed Sheet Set,Home & Kitchen,North,4.0,31.06,124.24
3599,2023-07-01,Bed Sheet Set,Home & Kitchen,South,7.0,32.25,225.75
3604,2023-07-02,Winter Jacket,Clothing,East,7.0,81.48,415.275
3601,2023-07-02,Yoga Mat,Sports,North,5.0,20.36,101.8
3602,2023-07-02,Wireless Mouse,Electronics,East,2.0,14.23,28.46
3603,2023-07-02,Coffee Maker,Home & Kitchen,West,4.0,49.78,199.12
3608,2023-07-03,Non-Stick Pan,Home & Kitchen,North,1.0,22.62,22.62
3607,2023-07-03,Shampoo,Beauty,North,4.0,10.88,43.52
3609,2023-07-03,Mechanical Keyboard,Electronics,North,1.0,62.23,62.23
3605,2023-07-03,Coffee Maker,Home & Kitchen,South,5.0,51.33,256.65
3606,2023-07-03,Non-Stick Pan,Home & Kitchen,West,3.0,24.17,72.51
3612,2023-07-04,Non-Stick Pan,Home & Kitchen,South,4.0,22.76,91.04
3614,2023-07-04,Coffee Maker,Home & Kitchen,South,6.0,49.8,298.8
3610,2023-07-04,Cricket Bat,Sports,East,1.0,48.17,48.17
3611,2023-07-04,Cricket Bat,Sports,West,1.0,48.53,48.53
3613,2023-07-04,Shampoo,Beauty,North,1.0,9.13,9.13
3617,2023-07-05,Denim Jeans,Clothing,South,7.0,40.56,283.92
3615,2023-07-05,Denim Jeans,Clothing,East,4.0,36.49,145.96
3616,2023-07-05,Running Shoes,Sports,North,6.0,60.46,362.76
3621,2023-07-06,Yoga Mat,Sports,South,7.0,21.69,151.83
3622,2023-07-06,Non-Stick Pan,Home & Kitchen,West,7.0,23.3,163.1
3623,2023-07-06,Yoga Mat,Sports,South,4.0,21.57,43.14
3624,2023-07-06,Cotton T-Shirt,Clothing,South,3.0,14.38,43.14
3618,2023-07-06,Shampoo,Beauty,South,3.0,9.79,29.37
3619,2023-07-06,Coffee Maker,Home & Kitchen,South,2.0,55.26,110.52
3620,2023-07-06,Cricket Bat,Sports,Unknown,1.0,44.54,44.54
3627,2023-07-07,Cricket Bat,Sports,North,6.0,49.51,297.06
3628,2023-07-07,Face Moisturizer,Beauty,South,1.0,19.74,19.74
3629,2023-07-07,Coffee Maker,Home & Kitchen,East,2.0,50.18,100.36
3625,2023-07-07,Winter Jacket,Clothing,West,3.0,80.54,241.62
3626,2023-07-07,Winter Jacket,Clothing,West,5.0,86.11,415.275
3634,2023-07-08,Denim Jeans,Clothing,West,4.0,40.35,40.35
3630,2023-07-08,Mechanical Keyboard,Electronics,East,7.0,51.52,360.64
3631,2023-07-08,Cotton T-Shirt,Clothing,South,6.0,15.06,90.36
3633,2023-07-08,Denim Jeans,Clothing,South,1.0,37.42,37.42
3632,2023-07-08,Bluetooth Speaker,Electronics,East,6.0,35.02,210.12
3635,2023-07-09,Winter Jacket,Clothing,North,4.0,78.35,313.4
3638,2023-07-09,Face Moisturizer,Beauty,West,3.0,20.51,61.53
3636,2023-07-09,Running Shoes,Sports,South,6.0,59.65,357.9
3637,2023-07-09,Yoga Mat,Sports,South,4.0,21.71,86.84
3640,2023-07-09,Denim Jeans,Clothing,North,4.0,39.66,158.64
3639,2023-07-09,Winter Jacket,Clothing,North,1.0,78.61,78.61
3643,2023-07-10,Coffee Maker,Home & Kitchen,South,1.0,55.69,55.69
3644,2023-07-10,Denim Jeans,Clothing,West,6.0,44.62,267.72
3642,2023-07-10,Mechanical Keyboard,Electronics,North,4.0,60.69,242.76
3645,2023-07-10,Running Shoes,Sports,East,3.0,66.38,199.14
3641,2023-07-10,USB-C Charger,Electronics,East,7.0,12.7,88.9
3647,2023-07-11,Mechanical Keyboard,Electronics,North,4.0,50.2,200.8
3646,2023-07-11,Cricket Bat,Sports,North,7.0,46.57,326.13
3652,2023-07-12,Bed Sheet Set,Home & Kitchen,North,1.0,29.16,29.16
3650,2023-07-12,Coffee Maker,Home & Kitchen,South,3.0,52.63,157.89
3648,2023-07-12,Coffee Maker,Home & Kitchen,North,3.0,47.45,142.35
3651,2023-07-12,Shampoo,Beauty,North,7.0,10.41,72.87
3649,2023-07-12,Mechanical Keyboard,Electronics,East,7.0,60.74,415.275
3653,2023-07-13,Non-Stick Pan,Home & Kitchen,South,3.0,24.22,72.66
3655,2023-07-13,Cotton T-Shirt,Clothing,South,6.0,14.8,88.8
3654,2023-07-13,USB-C Charger,Electronics,West,2.0,11.78,23.56
3656,2023-07-13,Non-Stick Pan,Home & Kitchen,East,7.0,23.15,162.05
3657,2023-07-14,Cotton T-Shirt,Clothing,South,3.0,17.21,51.63
3658,2023-07-14,Yoga Mat,Sports,South,3.0,20.5,61.5
3663,2023-07-15,Mechanical Keyboard,Electronics,South,5.0,51.49,257.45
3661,2023-07-15,Mechanical Keyboard,Electronics,West,7.0,53.41,373.87
3664,2023-07-15,Yoga Mat,Sports,North,5.0,20.62,103.1
3660,2023-07-15,Face Moisturizer,Beauty,North,7.0,20.67,144.69
3659,2023-07-15,Non-Stick Pan,Home & Kitchen,East,3.0,26.33,78.99
3662,2023-07-15,Cricket Bat,Sports,North,2.0,49.66,99.32
3667,2023-07-16,Shampoo,Beauty,South,1.0,9.33,9.33
3669,2023-07-16,Yoga Mat,Sports,Unknown,3.0,20.44,61.32
3668,2023-07-16,USB-C Charger,Electronics,South,3.0,13.53,40.59
3665,2023-07-16,Shampoo,Beauty,West,1.0,9.26,9.26
3666,2023-07-16,USB-C Charger,Electronics,South,6.0,12.52,75.12
3672,2023-07-17,Denim Jeans,Clothing,South,4.0,36.26,72.52
3673,2023-07-17,Wireless Mouse,Electronics,West,5.0,15.37,80.85
3671,2023-07-17,Winter Jacket,Clothing,South,4.0,84.55,338.2
3670,2023-07-17,Face Moisturizer,Beauty,North,3.0,16.67,50.01
3676,2023-07-18,Cotton T-Shirt,Clothing,West,5.0,15.26,76.0
3677,2023-07-18,Cricket Bat,Sports,North,7.0,43.58,305.06
3674,2023-07-18,Face Moisturizer,Beauty,North,4.0,16.32,65.28
3675,2023-07-18,Cotton T-Shirt,Clothing,North,7.0,13.73,96.11
3678,2023-07-19,Cotton T-Shirt,Clothing,East,7.0,14.74,103.18
3679,2023-07-19,Running Shoes,Sports,West,1.0,62.16,62.16
3681,2023-07-20,Non-Stick Pan,Home & Kitchen,North,6.0,22.69,136.14
3680,2023-07-20,Mechanical Keyboard,Electronics,East,3.0,55.63,166.89
3683,2023-07-20,Mechanical Keyboard,Electronics,West,5.0,57.71,288.55
3685,2023-07-20,Mechanical Keyboard,Electronics,North,7.0,56.09,392.63
3682,2023-07-20,Running Shoes,Sports,West,6.0,66.8,400.8
3684,2023-07-20,Coffee Maker,Home & Kitchen,North,1.0,45.04,45.04
3688,2023-07-21,Shampoo,Beauty,South,4.0,10.17,40.68
3687,2023-07-21,Cotton T-Shirt,Clothing,South,3.0,14.1,42.3
3686,2023-07-21,USB-C Charger,Electronics,East,7.0,12.67,88.69
3689,2023-07-21,Cricket Bat,Sports,East,3.0,48.94,146.82
3690,2023-07-22,Mechanical Keyboard,Electronics,West,3.0,52.12,156.36
3692,2023-07-22,Cotton T-Shirt,Clothing,West,1.0,15.54,15.54
3691,2023-07-22,Shampoo,Beauty,South,6.0,9.12,54.72
3693,2023-07-23,Denim Jeans,Clothing,South,3.0,38.97,116.91
3694,2023-07-23,Winter Jacket,Clothing,West,5.0,77.43,387.15
3698,2023-07-24,Shampoo,Beauty,East,6.0,10.94,65.64
3697,2023-07-24,Wireless Mouse,Electronics,North,6.0,14.34,86.04
3695,2023-07-24,Coffee Maker,Home & Kitchen,East,1.0,45.12,45.12
3696,2023-07-24,Bluetooth Speaker,Electronics,North,5.0,34.32,171.6
3699,2023-07-25,Bluetooth Speaker,Electronics,West,2.0,32.0,64.0
3700,2023-07-25,Winter Jacket,Clothing,North,2.0,76.17,152.34
3701,2023-07-25,Face Moisturizer,Beauty,North,5.0,18.244999999999997,88.3
3703,2023-07-25,Yoga Mat,Sports,East,6.0,22.34,134.04
3702,2023-07-25,Mechanical Keyboard,Electronics,East,5.0,62.74,313.7
3705,2023-07-26,Coffee Maker,Home & Kitchen,West,4.0,46.68,186.72
3706,2023-07-26,Cotton T-Shirt,Clothing,East,4.0,13.52,54.08
3704,2023-07-26,Non-Stick Pan,Home & Kitchen,West,4.0,24.98,99.92
3707,2023-07-27,Cricket Bat,Sports,South,1.0,49.93,49.93
3708,2023-07-27,Yoga Mat,Sports,Unknown,4.0,20.62,82.48
3711,2023-07-28,Non-Stick Pan,Home & Kitchen,North,2.0,28.09,56.18
3709,2023-07-28,Bluetooth Speaker,Electronics,West,1.0,35.38,35.38
3710,2023-07-28,Non-Stick Pan,Home & Kitchen,East,1.0,27.28,27.28
3712,2023-07-29,Cotton T-Shirt,Clothing,West,3.0,15.22,45.66
3714,2023-07-29,Non-Stick Pan,Home & Kitchen,South,7.0,25.66,196.63
3713,2023-07-29,Non-Stick Pan,Home & Kitchen,North,3.0,28.35,85.05
3717,2023-07-30,Face Moisturizer,Beauty,South,5.0,18.1,90.5
3715,2023-07-30,Winter Jacket,Clothing,South,5.0,83.3,415.275
3716,2023-07-30,Denim Jeans,Clothing,South,2.0,43.3,86.6
3719,2023-07-31,Non-Stick Pan,Home & Kitchen,West,5.0,22.96,114.8
3718,2023-07-31,Yoga Mat,Sports,East,7.0,22.54,157.78
3721,2023-08-01,Cotton T-Shirt,Clothing,East,5.0,14.43,72.15
3720,2023-08-01,Coffee Maker,Home & Kitchen,East,7.0,52.47,367.29
3722,2023-08-01,Yoga Mat,Sports,North,1.0,18.52,18.52
3725,2023-08-02,Running Shoes,Sports,North,4.0,54.49,217.96
3723,2023-08-02,Coffee Maker,Home & Kitchen,South,4.0,45.85,183.4
3724,2023-08-02,Mechanical Keyboard,Electronics,East,6.0,60.65,363.9
3727,2023-08-03,Cricket Bat,Sports,South,6.0,47.13,282.78
3726,2023-08-03,Bluetooth Speaker,Electronics,South,3.0,32.95,98.85
3728,2023-08-04,Shampoo,Beauty,East,3.0,10.87,32.61
3729,2023-08-04,Mechanical Keyboard,Electronics,South,1.0,55.65,62.87
3730,2023-08-04,Face Moisturizer,Beauty,South,4.0,20.48,122.88
3734,2023-08-05,Cotton T-Shirt,Clothing,West,5.0,15.76,78.8
3733,2023-08-05,Wireless Mouse,Electronics,East,1.0,15.88,15.88
3732,2023-08-05,Mechanical Keyboard,Electronics,North,4.0,59.56,238.24
3731,2023-08-05,Bluetooth Speaker,Electronics,South,2.0,37.57,75.14
3736,2023-08-06,Running Shoes,Sports,North,6.0,62.09,379.02
3735,2023-08-06,Winter Jacket,Clothing,East,4.0,76.5,306.0
3737,2023-08-06,Wireless Mouse,Electronics,South,5.0,15.96,79.8
3738,2023-08-07,Coffee Maker,Home & Kitchen,East,1.0,51.44,51.44
3739,2023-08-08,Bluetooth Speaker,Electronics,North,1.0,35.94,38.08
3740,2023-08-08,Denim Jeans,Clothing,North,5.0,43.51,217.55
3741,2023-08-09,Running Shoes,Sports,North,5.0,57.78,288.9
3742,2023-08-09,Coffee Maker,Home & Kitchen,East,1.0,52.34,52.34
3745,2023-08-10,Bed Sheet Set,Home & Kitchen,West,4.0,32.96,131.84
3744,2023-08-10,USB-C Charger,Electronics,South,6.0,12.8,76.8
3743,2023-08-10,Yoga Mat,Sports,North,5.0,20.69,90.05
3748,2023-08-11,Shampoo,Beauty,North,5.0,9.94,49.7
3749,2023-08-11,Winter Jacket,Clothing,East,1.0,75.47,75.47
3746,2023-08-11,Denim Jeans,Clothing,South,6.0,38.32,229.92
3747,2023-08-11,Non-Stick Pan,Home & Kitchen,North,2.0,24.65,49.3
3750,2023-08-11,Wireless Mouse,Electronics,South,6.0,14.45,86.7
3751,2023-08-12,Running Shoes,Sports,North,6.0,59.27,355.62
3752,2023-08-13,Denim Jeans,Clothing,East,7.0,42.58,298.06
3753,2023-08-14,Yoga Mat,Sports,East,2.0,21.88,43.76
3754,2023-08-15,Running Shoes,Sports,South,7.0,62.66,415.275
3755,2023-08-15,USB-C Charger,Electronics,East,5.0,12.97,64.85
3756,2023-08-16,Bluetooth Speaker,Electronics,South,1.0,37.6,37.6
3758,2023-08-16,Bed Sheet Set,Home & Kitchen,North,6.0,30.93,185.58
3757,2023-08-16,Yoga Mat,Sports,North,4.0,19.72,78.88
3759,2023-08-17,USB-C Charger,Electronics,North,5.0,12.45,62.25
3760,2023-08-18,Cricket Bat,Sports,South,6.0,47.82,286.92
3763,2023-08-19,Face Moisturizer,Beauty,East,2.0,18.42,36.84
3762,2023-08-19,Cricket Bat,Sports,South,2.0,51.05,102.1
3761,2023-08-19,Face Moisturizer,Beauty,South,4.0,16.8,67.2
3764,2023-08-19,Face Moisturizer,Beauty,North,3.0,19.77,59.31
3766,2023-08-20,Wireless Mouse,Electronics,West,1.0,16.02,16.02
3767,2023-08-20,Denim Jeans,Clothing,West,7.0,45.7,319.9
3765,2023-08-20,Shampoo,Beauty,East,6.0,11.37,68.22
3768,2023-08-21,Bed Sheet Set,Home & Kitchen,West,6.0,33.35,200.1
3773,2023-08-22,Winter Jacket,Clothing,West,1.0,88.38,88.38
3772,2023-08-22,Winter Jacket,Clothing,East,4.0,87.12,348.48
3770,2023-08-22,Bluetooth Speaker,Electronics,North,3.0,35.31,105.93
3769,2023-08-22,Bed Sheet Set,Home & Kitchen,West,3.0,27.75,83.25
3771,2023-08-22,USB-C Charger,Electronics,West,6.0,12.6,75.6
3774,2023-08-22,Face Moisturizer,Beauty,South,4.0,16.99,84.95
3778,2023-08-23,Bluetooth Speaker,Electronics,North,1.0,35.65,35.65
3775,2023-08-23,Denim Jeans,Clothing,West,2.0,37.28,74.56
3777,2023-08-23,Cricket Bat,Sports,West,4.0,46.07,184.28
3776,2023-08-23,Cotton T-Shirt,Clothing,East,7.0,15.71,109.97
3780,2023-08-24,Mechanical Keyboard,Electronics,East,4.0,56.86,227.44
3779,2023-08-24,Face Moisturizer,Beauty,West,1.0,20.21,20.21
3781,2023-08-24,Denim Jeans,Clothing,East,4.0,42.09,168.36
3784,2023-08-25,Yoga Mat,Sports,East,3.0,19.28,57.84
3782,2023-08-25,Coffee Maker,Home & Kitchen,West,5.0,50.18,250.9
3783,2023-08-25,Mechanical Keyboard,Electronics,East,7.0,55.65,386.96
3785,2023-08-26,USB-C Charger,Electronics,West,3.0,12.06,36.18
3786,2023-08-27,Yoga Mat,Sports,West,2.0,20.4,40.8
3787,2023-08-28,Running Shoes,Sports,South,1.0,58.67,58.67
3790,2023-08-29,Cotton T-Shirt,Clothing,West,4.0,13.62,54.48
3788,2023-08-29,USB-C Charger,Electronics,South,4.0,13.75,96.25
3789,2023-08-29,Shampoo,Beauty,West,6.0,10.93,65.58
3792,2023-08-30,USB-C Charger,Electronics,North,4.0,13.49,53.96
3793,2023-08-30,Non-Stick Pan,Home & Kitchen,South,6.0,23.54,141.24
3791,2023-08-30,Mechanical Keyboard,Electronics,West,2.0,53.83,107.66
3795,2023-08-31,Non-Stick Pan,Home & Kitchen,East,1.0,26.68,26.68
3794,2023-08-31,Denim Jeans,Clothing,South,7.0,39.89,279.23
3797,2023-09-01,Coffee Maker,Home & Kitchen,North,2.0,48.75,97.5
3799,2023-09-01,Denim Jeans,Clothing,North,1.0,42.78,42.78
3798,2023-09-01,Winter Jacket,Clothing,West,4.0,74.61,298.44
3796,2023-09-01,Yoga Mat,Sports,South,1.0,20.81,20.81
3800,2023-09-01,Running Shoes,Sports,East,3.0,64.33,192.99
3803,2023-09-02,USB-C Charger,Electronics,East,7.0,10.96,76.72
3804,2023-09-02,Shampoo,Beauty,South,3.0,11.17,33.51
3801,2023-09-02,Running Shoes,Sports,East,7.0,62.46,415.275
3802,2023-09-02,USB-C Charger,Electronics,North,4.0,12.44,49.76
3807,2023-09-03,Bed Sheet Set,Home & Kitchen,West,2.0,27.23,54.46
3805,2023-09-03,Yoga Mat,Sports,South,1.0,19.27,19.27
3806,2023-09-03,Denim Jeans,Clothing,North,7.0,41.22,288.54
3808,2023-09-04,Bluetooth Speaker,Electronics,West,1.0,35.74,35.74
3809,2023-09-05,Cotton T-Shirt,Clothing,North,6.0,16.15,96.9
3810,2023-09-05,Coffee Maker,Home & Kitchen,Unknown,1.0,45.03,45.03
3813,2023-09-06,Cotton T-Shirt,Clothing,South,7.0,16.17,113.19
3815,2023-09-06,Winter Jacket,Clothing,North,2.0,86.99,173.98
3811,2023-09-06,Bluetooth Speaker,Electronics,West,3.0,39.97,119.91
3814,2023-09-06,Coffee Maker,Home & Kitchen,North,1.0,54.66,54.66
3812,2023-09-06,Denim Jeans,Clothing,Unknown,7.0,37.22,260.54
3816,2023-09-07,Denim Jeans,Clothing,South,6.0,41.99,251.94
3817,2023-09-07,Cricket Bat,Sports,West,5.0,44.69,223.45
3818,2023-09-08,Coffee Maker,Home & Kitchen,South,5.0,55.16,275.8
3819,2023-09-09,Mechanical Keyboard,Electronics,South,1.0,50.63,50.63
3821,2023-09-10,Denim Jeans,Clothing,South,4.0,43.95,263.7
3820,2023-09-10,Running Shoes,Sports,West,4.0,59.52,238.08
3822,2023-09-11,USB-C Charger,Electronics,North,7.0,11.19,78.33
3825,2023-09-12,Cotton T-Shirt,Clothing,West,5.0,15.26,76.3
3826,2023-09-12,Shampoo,Beauty,East,7.0,9.79,68.53
3827,2023-09-12,Bluetooth Speaker,Electronics,South,5.0,37.9,189.5
3824,2023-09-12,Coffee Maker,Home & Kitchen,East,1.0,56.91,56.91
3823,2023-09-12,Bluetooth Speaker,Electronics,North,3.0,36.4,109.2
3828,2023-09-13,Shampoo,Beauty,North,3.0,10.59,31.77
3831,2023-09-13,Running Shoes,Sports,West,1.0,56.59,56.59
3832,2023-09-13,Winter Jacket,Clothing,West,1.0,82.58,82.58
3830,2023-09-13,Non-Stick Pan,Home & Kitchen,South,1.0,22.69,22.69
3829,2023-09-13,Coffee Maker,Home & Kitchen,South,2.0,53.2,106.4
3835,2023-09-14,Wireless Mouse,Electronics,West,2.0,15.41,30.82
3833,2023-09-14,USB-C Charger,Electronics,North,4.0,10.9,43.6
3834,2023-09-14,Non-Stick Pan,Home & Kitchen,South,5.0,27.72,138.6
3841,2023-09-15,Cotton T-Shirt,Clothing,North,4.0,16.27,65.08
3838,2023-09-15,Coffee Maker,Home & Kitchen,North,6.0,54.64,327.84
3840,2023-09-15,Coffee Maker,Home & Kitchen,Unknown,6.0,54.78,328.68
3837,2023-09-15,Denim Jeans,Clothing,East,2.0,37.22,74.44
3836,2023-09-15,Denim Jeans,Clothing,East,2.0,42.88,85.76
3839,2023-09-15,Running Shoes,Sports,East,1.0,61.04,61.04
3843,2023-09-16,Wireless Mouse,Electronics,West,7.0,14.72,103.04
3844,2023-09-16,Coffee Maker,Home & Kitchen,East,2.0,49.11,98.22
3842,2023-09-16,Shampoo,Beauty,North,2.0,10.66,21.32
3845,2023-09-17,Running Shoes,Sports,Unknown,7.0,55.29,387.03
3846,2023-09-18,USB-C Charger,Electronics,East,1.0,12.7,12.7
3853,2023-09-18,Mechanical Keyboard,Electronics,West,7.0,56.55,395.85
3847,2023-09-18,Cricket Bat,Sports,South,2.0,48.05,96.1
3849,2023-09-18,Denim Jeans,Clothing,South,7.0,41.17,288.19
3852,2023-09-18,Shampoo,Beauty,West,5.0,9.82,49.1
3854,2023-09-18,Coffee Maker,Home & Kitchen,North,5.0,52.58,262.9
3850,2023-09-18,Denim Jeans,Clothing,South,4.0,39.52,158.08
3848,2023-09-18,Winter Jacket,Clothing,East,7.0,82.71,415.275
3851,2023-09-18,Bluetooth Speaker,Electronics,North,1.0,33.15,33.15
3857,2023-09-19,Bed Sheet Set,Home & Kitchen,East,1.0,30.24,30.24
3859,2023-09-19,Wireless Mouse,Electronics,North,2.0,13.88,27.76
3858,2023-09-19,Running Shoes,Sports,South,6.0,60.62,363.72
3855,2023-09-19,Yoga Mat,Sports,North,4.0,21.55,86.2
3856,2023-09-19,Mechanical Keyboard,Electronics,East,5.0,60.98,304.9
3862,2023-09-20,Wireless Mouse,Electronics,East,5.0,15.85,79.25
3860,2023-09-20,Winter Jacket,Clothing,East,6.0,77.34,415.275
3861,2023-09-20,Shampoo,Beauty,West,2.0,9.75,19.5
3864,2023-09-21,Yoga Mat,Sports,East,6.0,22.37,134.22
3863,2023-09-21,Non-Stick Pan,Home & Kitchen,South,2.0,25.66,53.38
3865,2023-09-22,Bed Sheet Set,Home & Kitchen,South,3.0,34.22,102.66
3866,2023-09-22,Non-Stick Pan,Home & Kitchen,South,6.0,27.83,166.98
3871,2023-09-23,Yoga Mat,Sports,West,6.0,20.66,123.96
3868,2023-09-23,Winter Jacket,Clothing,North,3.0,84.25,252.75
3867,2023-09-23,Non-Stick Pan,Home & Kitchen,North,5.0,22.71,113.55
3872,2023-09-23,Bed Sheet Set,Home & Kitchen,South,4.0,31.98,127.92
3870,2023-09-23,Coffee Maker,Home & Kitchen,East,5.0,47.56,237.8
3869,2023-09-23,Cricket Bat,Sports,South,7.0,47.18,330.26
3873,2023-09-24,Coffee Maker,Home & Kitchen,East,7.0,54.52,381.64
3875,2023-09-24,Yoga Mat,Sports,North,2.0,18.27,36.54
3874,2023-09-24,Face Moisturizer,Beauty,South,3.0,18.244999999999997,57.96
3876,2023-09-25,Bluetooth Speaker,Electronics,South,3.0,36.64,109.92
3877,2023-09-26,Shampoo,Beauty,North,1.0,9.33,9.33
3879,2023-09-26,Face Moisturizer,Beauty,West,4.0,18.67,74.68
3878,2023-09-26,Cotton T-Shirt,Clothing,South,1.0,14.8,14.8
3880,2023-09-27,Bluetooth Speaker,Electronics,North,2.0,39.77,79.54
3881,2023-09-28,Non-Stick Pan,Home & Kitchen,West,1.0,27.37,27.37
3882,2023-09-28,Wireless Mouse,Electronics,West,7.0,13.99,97.93
3885,2023-09-28,Mechanical Keyboard,Electronics,South,3.0,55.59,166.77
3883,2023-09-28,Non-Stick Pan,Home & Kitchen,North,2.0,27.88,55.76
3884,2023-09-28,Shampoo,Beauty,North,5.0,9.05,45.25
3886,2023-09-29,USB-C Charger,Electronics,North,6.0,12.87,77.22
3887,2023-09-29,Bluetooth Speaker,Electronics,North,1.0,32.94,32.94
3888,2023-09-30,Shampoo,Beauty,East,3.0,11.29,33.87
3889,2023-09-30,Denim Jeans,Clothing,West,4.0,39.83,159.32
3893,2023-10-01,Shampoo,Beauty,East,7.0,11.42,79.94
3892,2023-10-01,USB-C Charger,Electronics,East,4.0,11.2,44.8
3891,2023-10-01,Denim Jeans,Clothing,North,4.0,38.74,154.96
3890,2023-10-01,Running Shoes,Sports,North,6.0,64.87,389.22
3894,2023-10-02,Denim Jeans,Clothing,South,4.0,43.58,174.32
3897,2023-10-03,Running Shoes,Sports,South,4.0,67.76,271.04
3895,2023-10-03,Wireless Mouse,Electronics,North,1.0,16.96,16.96
3896,2023-10-03,Mechanical Keyboard,Electronics,West,6.0,50.4,302.4
3900,2023-10-04,Running Shoes,Sports,North,5.0,54.67,273.35
3898,2023-10-04,Coffee Maker,Home & Kitchen,South,2.0,48.92,97.84
3899,2023-10-04,Denim Jeans,Clothing,South,6.0,42.89,257.34
3903,2023-10-05,Shampoo,Beauty,Unknown,3.0,9.67,29.01
3901,2023-10-05,Coffee Maker,Home & Kitchen,South,7.0,57.38,401.66
3902,2023-10-05,Face Moisturizer,Beauty,South,7.0,17.34,121.38
3908,2023-10-06,Bed Sheet Set,Home & Kitchen,West,3.0,33.94,101.82
3906,2023-10-06,Denim Jeans,Clothing,South,2.0,40.17,80.34
3904,2023-10-06,Shampoo,Beauty,North,2.0,9.48,18.96
3907,2023-10-06,Winter Jacket,Clothing,South,1.0,85.51,85.51
3905,2023-10-06,Face Moisturizer,Beauty,North,7.0,20.0,140.0
3912,2023-10-07,Coffee Maker,Home & Kitchen,West,4.0,55.1,220.4
3911,2023-10-07,Non-Stick Pan,Home & Kitchen,West,5.0,25.47,127.35
3909,2023-10-07,Face Moisturizer,Beauty,East,4.0,19.33,77.32
3910,2023-10-07,Bed Sheet Set,Home & Kitchen,East,1.0,31.42,31.42
3916,2023-10-08,USB-C Charger,Electronics,North,7.0,12.04,84.28
3914,2023-10-08,Yoga Mat,Sports,East,5.0,19.12,95.6
3913,2023-10-08,Bluetooth Speaker,Electronics,South,5.0,32.37,161.85
3915,2023-10-08,USB-C Charger,Electronics,North,6.0,12.46,74.76
3917,2023-10-09,Bed Sheet Set,Home & Kitchen,South,5.0,29.0,145.0
3919,2023-10-10,Bed Sheet Set,Home & Kitchen,East,1.0,28.78,28.78
3918,2023-10-10,Bluetooth Speaker,Electronics,West,6.0,35.61,213.66
3920,2023-10-10,Coffee Maker,Home & Kitchen,West,1.0,49.91,49.91
3923,2023-10-11,Cotton T-Shirt,Clothing,East,4.0,16.14,64.56
3921,2023-10-11,Denim Jeans,Clothing,West,4.0,44.58,267.48
3922,2023-10-11,Denim Jeans,Clothing,West,3.0,37.54,112.62
3924,2023-10-12,Coffee Maker,Home & Kitchen,North,7.0,50.22,351.54
3925,2023-10-12,Shampoo,Beauty,South,5.0,10.44,52.2
3926,2023-10-12,Shampoo,Beauty,West,3.0,10.69,32.07
3932,2023-10-13,Face Moisturizer,Beauty,South,1.0,18.4,18.4
3929,2023-10-13,Yoga Mat,Sports,West,5.0,19.54,97.7
3928,2023-10-13,Bed Sheet Set,Home & Kitchen,East,1.0,27.84,27.84
3931,2023-10-13,Shampoo,Beauty,South,6.0,11.1,66.6
3930,2023-10-13,Non-Stick Pan,Home & Kitchen,West,4.0,25.71,102.84
3927,2023-10-13,Non-Stick Pan,Home & Kitchen,South,1.0,25.92,25.92
3933,2023-10-14,Mechanical Keyboard,Electronics,South,7.0,54.75,383.25
3934,2023-10-14,Bluetooth Speaker,Electronics,South,4.0,34.81,139.24
3940,2023-10-15,Mechanical Keyboard,Electronics,East,4.0,59.72,238.88
3941,2023-10-15,Cricket Bat,Sports,South,1.0,41.87,41.87
3939,2023-10-15,USB-C Charger,Electronics,South,2.0,13.52,27.04
3937,2023-10-15,Wireless Mouse,Electronics,West,2.0,13.81,27.62
3936,2023-10-15,Winter Jacket,Clothing,West,7.0,91.28,415.275
3938,2023-10-15,Winter Jacket,Clothing,North,2.0,79.0,158.0
3935,2023-10-15,Mechanical Keyboard,Electronics,South,6.0,51.02,306.12
3942,2023-10-16,USB-C Charger,Electronics,West,6.0,13.4,80.4
3944,2023-10-16,Bed Sheet Set,Home & Kitchen,West,6.0,32.71,196.26
3943,2023-10-16,Cricket Bat,Sports,West,7.0,48.65,340.55
3945,2023-10-16,Cotton T-Shirt,Clothing,East,5.0,16.73,83.65
3946,2023-10-17,USB-C Charger,Electronics,North,2.0,11.05,22.1
3947,2023-10-17,Yoga Mat,Sports,West,3.0,19.32,57.96
3948,2023-10-17,USB-C Charger,Electronics,North,4.0,11.36,45.44
3949,2023-10-18,Face Moisturizer,Beauty,East,2.0,18.244999999999997,38.22
3951,2023-10-18,USB-C Charger,Electronics,West,2.0,11.55,23.1
3952,2023-10-18,Cricket Bat,Sports,East,7.0,46.57,341.74
3953,2023-10-18,Mechanical Keyboard,Electronics,East,7.0,55.2,386.4
3950,2023-10-18,Mechanical Keyboard,Electronics,South,4.0,53.7,214.8
3954,2023-10-19,Bluetooth Speaker,Electronics,East,5.0,39.91,199.55
3955,2023-10-20,Denim Jeans,Clothing,North,6.0,38.15,228.9
3957,2023-10-20,Non-Stick Pan,Home & Kitchen,East,2.0,26.9,53.8
3958,2023-10-20,Bluetooth Speaker,Electronics,East,1.0,34.58,34.58
3956,2023-10-20,Cricket Bat,Sports,North,7.0,49.91,349.37
3959,2023-10-21,Running Shoes,Sports,Unknown,6.0,66.83,400.98
3960,2023-10-22,Cricket Bat,Sports,West,6.0,40.92,245.52
3961,2023-10-22,Mechanical Keyboard,Electronics,West,4.0,53.53,374.71
3962,2023-10-22,Wireless Mouse,Electronics,East,1.0,13.74,13.74
3963,2023-10-23,Cricket Bat,Sports,South,5.0,45.66,228.3
3965,2023-10-24,Winter Jacket,Clothing,East,6.0,78.39,415.275
3964,2023-10-24,Mechanical Keyboard,Electronics,West,2.0,50.57,101.14
3967,2023-10-25,Winter Jacket,Clothing,South,7.0,79.66,415.275
3969,2023-10-25,Non-Stick Pan,Home & Kitchen,North,2.0,24.88,49.76
3968,2023-10-25,Denim Jeans,Clothing,West,1.0,36.17,36.17
3966,2023-10-25,Winter Jacket,Clothing,South,7.0,86.55,415.275
3971,2023-10-26,Shampoo,Beauty,West,4.0,10.35,41.4
3970,2023-10-26,Wireless Mouse,Electronics,South,3.0,14.89,44.67
3973,2023-10-26,Bed Sheet Set,Home & Kitchen,West,2.0,29.29,58.58
3972,2023-10-26,Coffee Maker,Home & Kitchen,East,2.0,54.94,109.88
3975,2023-10-27,Wireless Mouse,Electronics,North,1.0,14.99,14.99
3974,2023-10-27,Face Moisturizer,Beauty,North,5.0,16.85,84.25
3977,2023-10-28,Mechanical Keyboard,Electronics,South,4.0,56.41,394.87
3976,2023-10-28,USB-C Charger,Electronics,South,1.0,11.04,11.04
3980,2023-10-29,Coffee Maker,Home & Kitchen,West,2.0,56.06,112.12
3979,2023-10-29,Denim Jeans,Clothing,North,5.0,41.71,208.55
3978,2023-10-29,Cotton T-Shirt,Clothing,North,7.0,15.18,106.26
3981,2023-10-30,Bed Sheet Set,Home & Kitchen,East,3.0,33.95,101.85
3983,2023-10-31,Cricket Bat,Sports,East,6.0,47.66,285.96
3982,2023-10-31,Wireless Mouse,Electronics,East,6.0,15.59,93.54
3985,2023-11-01,Mechanical Keyboard,Electronics,South,5.0,52.98,264.9
3986,2023-11-01,Bluetooth Speaker,Electronics,West,2.0,38.09,76.18
3987,2023-11-01,Coffee Maker,Home & Kitchen,East,4.0,52.15,208.6
3988,2023-11-01,Mechanical Keyboard,Electronics,North,7.0,55.65,365.12
3984,2023-11-01,Cotton T-Shirt,Clothing,North,1.0,15.95,15.95
3989,2023-11-01,Non-Stick Pan,Home & Kitchen,East,3.0,23.29,69.87
3990,2023-11-01,Yoga Mat,Sports,East,2.0,20.48,40.96
3996,2023-11-02,Wireless Mouse,Electronics,West,2.0,14.75,29.5
3993,2023-11-02,Cricket Bat,Sports,West,7.0,41.79,292.53
3998,2023-11-02,Bed Sheet Set,Home & Kitchen,East,6.0,33.12,198.72
3991,2023-11-02,Yoga Mat,Sports,East,4.0,22.07,88.28
3999,2023-11-02,Non-Stick Pan,Home & Kitchen,East,7.0,25.3,177.1
3992,2023-11-02,Wireless Mouse,Electronics,North,6.0,16.85,101.1
3997,2023-11-02,Shampoo,Beauty,South,2.0,10.27,20.54
4000,2023-11-02,USB-C Charger,Electronics,North,2.0,10.96,21.92
3995,2023-11-02,Running Shoes,Sports,North,1.0,59.99,59.99
3994,2023-11-02,Bluetooth Speaker,Electronics,West,5.0,35.26,176.3
4001,2023-11-03,Wireless Mouse,Electronics,East,5.0,16.49,82.45
4002,2023-11-04,Shampoo,Beauty,South,6.0,9.32,55.92
4003,2023-11-04,Running Shoes,Sports,South,6.0,64.17,385.02
4007,2023-11-05,Non-Stick Pan,Home & Kitchen,South,2.0,23.33,46.66
4010,2023-11-05,Bluetooth Speaker,Electronics,South,7.0,36.11,252.77
4005,2023-11-05,Bluetooth Speaker,Electronics,South,3.0,33.1,99.3
4006,2023-11-05,USB-C Charger,Electronics,North,4.0,13.08,52.32
4009,2023-11-05,Winter Jacket,Clothing,East,6.0,91.86,415.275
4011,2023-11-05,Non-Stick Pan,Home & Kitchen,North,4.0,26.89,107.56
4008,2023-11-05,Bluetooth Speaker,Electronics,North,1.0,34.04,34.04
4004,2023-11-05,Coffee Maker,Home & Kitchen,North,5.0,55.58,277.9
4015,2023-11-06,Bed Sheet Set,Home & Kitchen,North,7.0,29.55,206.85
4014,2023-11-06,Bluetooth Speaker,Electronics,West,7.0,33.15,232.05
4013,2023-11-06,Bluetooth Speaker,Electronics,North,4.0,37.25,149.0
4017,2023-11-06,Cricket Bat,Sports,South,6.0,49.51,297.06
4012,2023-11-06,Cotton T-Shirt,Clothing,North,7.0,16.34,114.38
4016,2023-11-06,Cricket Bat,Sports,South,7.0,50.37,352.59
4023,2023-11-07,Denim Jeans,Clothing,West,7.0,43.9,307.3
4021,2023-11-07,USB-C Charger,Electronics,South,6.0,13.57,81.42
4019,2023-11-07,Yoga Mat,Sports,East,7.0,20.63,144.41
4018,2023-11-07,Cotton T-Shirt,Clothing,West,2.0,15.73,31.46
4020,2023-11-07,Shampoo,Beauty,West,3.0,11.26,33.78
4022,2023-11-07,Winter Jacket,Clothing,East,7.0,89.61,415.275
4029,2023-11-08,Wireless Mouse,Electronics,South,1.0,13.95,13.95
4025,2023-11-08,Cricket Bat,Sports,North,2.0,48.39,96.78
4024,2023-11-08,Wireless Mouse,Electronics,West,3.0,13.8,41.4
4028,2023-11-08,Coffee Maker,Home & Kitchen,East,1.0,56.08,56.08
4026,2023-11-08,Denim Jeans,Clothing,West,3.0,40.74,122.22
4027,2023-11-08,Denim Jeans,Clothing,West,4.0,44.26,177.04
4030,2023-11-08,Cotton T-Shirt,Clothing,West,4.0,14.14,56.56
4031,2023-11-09,Non-Stick Pan,Home & Kitchen,North,7.0,28.49,199.43
4037,2023-11-10,Coffee Maker,Home & Kitchen,West,6.0,51.28,287.04
4032,2023-11-10,Cotton T-Shirt,Clothing,North,5.0,14.61,73.05
4035,2023-11-10,Denim Jeans,Clothing,North,5.0,36.96,184.8
4034,2023-11-10,Cricket Bat,Sports,South,3.0,41.23,123.69
4036,2023-11-10,Denim Jeans,Clothing,East,3.0,43.56,130.68
4033,2023-11-10,USB-C Charger,Electronics,West,4.0,12.48,49.92
4039,2023-11-11,Coffee Maker,Home & Kitchen,East,2.0,54.18,108.36
4041,2023-11-11,Bluetooth Speaker,Electronics,Unknown,6.0,37.95,227.7
4038,2023-11-11,Non-Stick Pan,Home & Kitchen,East,5.0,28.74,143.7
4042,2023-11-11,Shampoo,Beauty,North,4.0,9.05,54.3
4040,2023-11-11,Yoga Mat,Sports,East,5.0,18.49,92.45
4043,2023-11-11,Winter Jacket,Clothing,East,2.0,85.8,171.6
4045,2023-11-12,Denim Jeans,Clothing,North,7.0,44.9,314.3
4044,2023-11-12,Face Moisturizer,Beauty,East,5.0,19.77,98.85
4049,2023-11-13,Face Moisturizer,Beauty,East,5.0,19.95,99.75
4047,2023-11-13,Bed Sheet Set,Home & Kitchen,South,4.0,28.02,112.08
4046,2023-11-13,Bluetooth Speaker,Electronics,East,1.0,34.42,34.42
4048,2023-11-13,Yoga Mat,Sports,South,5.0,18.1,90.5
4057,2023-11-14,Winter Jacket,Clothing,South,5.0,80.58,402.9
4054,2023-11-14,Coffee Maker,Home & Kitchen,South,6.0,45.35,272.1
4052,2023-11-14,Wireless Mouse,Electronics,South,2.0,16.77,33.54
4050,2023-11-14,Winter Jacket,Clothing,West,7.0,80.44,415.275
4051,2023-11-14,Winter Jacket,Clothing,North,5.0,87.04,415.275
4058,2023-11-14,Cricket Bat,Sports,South,3.0,42.47,127.41
4053,2023-11-14,Cotton T-Shirt,Clothing,West,3.0,14.09,42.27
4055,2023-11-14,Bluetooth Speaker,Electronics,North,5.0,33.91,169.55
4056,2023-11-14,Bed Sheet Set,Home & Kitchen,East,7.0,30.99,216.93
4059,2023-11-15,Mechanical Keyboard,Electronics,North,6.0,62.94,377.64
4061,2023-11-15,Yoga Mat,Sports,North,4.0,21.27,85.08
4060,2023-11-15,Winter Jacket,Clothing,South,7.0,82.99,415.275
4064,2023-11-16,Non-Stick Pan,Home & Kitchen,North,6.0,27.63,165.78
4062,2023-11-16,Cotton T-Shirt,Clothing,North,7.0,16.89,118.23
4063,2023-11-16,Bluetooth Speaker,Electronics,North,7.0,35.94,280.49
4066,2023-11-17,Face Moisturizer,Beauty,South,7.0,18.8,131.6
4065,2023-11-17,Cricket Bat,Sports,East,5.0,42.46,212.3
4067,2023-11-17,Shampoo,Beauty,North,5.0,9.74,48.7
4068,2023-11-18,Shampoo,Beauty,East,6.0,9.77,58.62
4069,2023-11-18,Shampoo,Beauty,North,6.0,10.28,61.67999999999999
4070,2023-11-19,Non-Stick Pan,Home & Kitchen,West,4.0,27.82,111.28
4071,2023-11-19,Cricket Bat,Sports,South,7.0,47.51,332.57
4072,2023-11-20,Bluetooth Speaker,Electronics,North,3.0,38.57,115.71
4073,2023-11-20,Running Shoes,Sports,East,7.0,63.61,415.275
4075,2023-11-20,Cotton T-Shirt,Clothing,South,7.0,15.01,105.07
4074,2023-11-20,USB-C Charger,Electronics,East,6.0,13.07,78.42
4076,2023-11-21,Yoga Mat,Sports,South,6.0,21.96,131.76
4077,2023-11-21,Mechanical Keyboard,Electronics,East,1.0,52.11,52.11
4079,2023-11-22,Mechanical Keyboard,Electronics,North,7.0,55.25,386.75
4078,2023-11-22,Winter Jacket,Clothing,South,7.0,78.46,415.275
4082,2023-11-23,Coffee Maker,Home & Kitchen,East,1.0,51.28,52.08
4085,2023-11-23,Cricket Bat,Sports,East,2.0,50.2,100.4
4084,2023-11-23,Yoga Mat,Sports,South,3.0,18.69,56.07
4080,2023-11-23,Wireless Mouse,Electronics,East,1.0,13.69,13.69
4086,2023-11-23,Running Shoes,Sports,North,3.0,67.1,201.3
4083,2023-11-23,Denim Jeans,Clothing,North,6.0,43.45,260.7
4081,2023-11-23,Mechanical Keyboard,Electronics,West,2.0,60.6,121.2
4093,2023-11-24,Running Shoes,Sports,South,1.0,68.61,68.61
4091,2023-11-24,Winter Jacket,Clothing,East,2.0,87.78,175.56
4087,2023-11-24,Bluetooth Speaker,Electronics,South,1.0,35.33,35.33
4088,2023-11-24,Denim Jeans,Clothing,North,4.0,43.73,174.92
4089,2023-11-24,Bluetooth Speaker,Electronics,East,6.0,38.68,232.08
4092,2023-11-24,Non-Stick Pan,Home & Kitchen,West,6.0,24.37,146.22
4090,2023-11-24,Cotton T-Shirt,Clothing,South,5.0,14.8,74.0
4100,2023-11-25,Winter Jacket,Clothing,North,1.0,77.03,77.03
4097,2023-11-25,Running Shoes,Sports,South,2.0,60.78,121.56
4096,2023-11-25,Bed Sheet Set,Home & Kitchen,North,2.0,33.39,66.78
4099,2023-11-25,Running Shoes,Sports,North,2.0,68.36,136.72
4094,2023-11-25,Denim Jeans,Clothing,South,4.0,37.14,37.14
4095,2023-11-25,Non-Stick Pan,Home & Kitchen,East,6.0,22.72,136.32
4098,2023-11-25,Denim Jeans,Clothing,North,5.0,40.74,203.7
4103,2023-11-26,Yoga Mat,Sports,South,1.0,22.73,22.73
4104,2023-11-26,Face Moisturizer,Beauty,West,6.0,17.75,106.5
4102,2023-11-26,Shampoo,Beauty,South,6.0,9.38,56.28
4101,2023-11-26,Cotton T-Shirt,Clothing,West,7.0,15.45,108.15
4107,2023-11-27,Wireless Mouse,Electronics,West,7.0,14.54,101.78
4110,2023-11-27,Bed Sheet Set,Home & Kitchen,East,1.0,33.16,33.16
4109,2023-11-27,Running Shoes,Sports,North,3.0,64.71,194.13
4111,2023-11-27,Cotton T-Shirt,Clothing,East,5.0,15.72,78.6
4108,2023-11-27,Face Moisturizer,Beauty,South,3.0,18.92,56.76
4106,2023-11-27,USB-C Charger,Electronics,South,7.0,12.34,86.38
4105,2023-11-27,Cotton T-Shirt,Clothing,South,3.0,16.05,48.15
4116,2023-11-28,USB-C Charger,Electronics,West,1.0,12.65,12.65
4113,2023-11-28,Wireless Mouse,Electronics,North,5.0,15.97,79.85
4114,2023-11-28,Running Shoes,Sports,West,4.0,54.19,54.19
4112,2023-11-28,Bed Sheet Set,Home & Kitchen,Unknown,3.0,29.37,88.11
4117,2023-11-28,Face Moisturizer,Beauty,South,3.0,18.55,55.65
4115,2023-11-28,Bed Sheet Set,Home & Kitchen,North,2.0,33.7,67.4
4119,2023-11-29,Face Moisturizer,Beauty,East,1.0,18.3,18.3
4118,2023-11-29,Denim Jeans,Clothing,North,6.0,39.28,235.68
4120,2023-11-29,Wireless Mouse,Electronics,South,3.0,14.92,44.76
4125,2023-11-30,Face Moisturizer,Beauty,West,1.0,16.8,16.8
4124,2023-11-30,Winter Jacket,Clothing,West,2.0,90.72,181.44
4122,2023-11-30,Bed Sheet Set,Home & Kitchen,East,4.0,31.54,126.16
4121,2023-11-30,USB-C Charger,Electronics,West,5.0,11.44,57.2
4123,2023-11-30,Face Moisturizer,Beauty,South,5.0,17.7,88.5
4129,2023-12-01,Face Moisturizer,Beauty,West,7.0,17.55,122.85
4128,2023-12-01,Wireless Mouse,Electronics,West,6.0,14.68,88.08
4127,2023-12-01,Cricket Bat,Sports,North,5.0,40.59,202.95
4126,2023-12-01,Shampoo,Beauty,North,3.0,10.95,32.85
4132,2023-12-02,Cotton T-Shirt,Clothing,North,7.0,16.15,113.05
4133,2023-12-02,Non-Stick Pan,Home & Kitchen,South,6.0,27.13,162.78
4130,2023-12-02,Denim Jeans,Clothing,South,7.0,42.11,294.77
4134,2023-12-02,Winter Jacket,Clothing,North,4.0,90.9,272.7
4135,2023-12-02,USB-C Charger,Electronics,South,7.0,12.99,90.93
4131,2023-12-02,Winter Jacket,Clothing,South,6.0,75.35,415.275
4137,2023-12-03,Running Shoes,Sports,West,2.0,57.15,114.3
4140,2023-12-03,Running Shoes,Sports,West,3.0,62.84,188.52
4138,2023-12-03,Winter Jacket,Clothing,South,7.0,81.82,415.275
4141,2023-12-03,Shampoo,Beauty,East,3.0,10.17,30.51
4136,2023-12-03,Wireless Mouse,Electronics,East,2.0,15.04,30.08
4139,2023-12-03,Mechanical Keyboard,Electronics,East,3.0,62.62,187.86
4146,2023-12-04,Winter Jacket,Clothing,East,5.0,74.81,374.05
4143,2023-12-04,Face Moisturizer,Beauty,South,5.0,18.28,91.4
4144,2023-12-04,Running Shoes,Sports,East,7.0,56.82,397.74
4145,2023-12-04,Running Shoes,Sports,East,7.0,67.41,415.275
4142,2023-12-04,Yoga Mat,Sports,South,7.0,19.76,138.32
4148,2023-12-05,Wireless Mouse,Electronics,West,7.0,16.81,117.67
4147,2023-12-05,Mechanical Keyboard,Electronics,South,5.0,50.17,250.85
4150,2023-12-05,Wireless Mouse,Electronics,East,7.0,16.1,112.7
4149,2023-12-05,Coffee Maker,Home & Kitchen,North,7.0,53.61,375.27
4155,2023-12-06,Mechanical Keyboard,Electronics,East,6.0,60.14,360.84
4154,2023-12-06,Denim Jeans,Clothing,South,7.0,40.97,286.79
4156,2023-12-06,Cotton T-Shirt,Clothing,West,2.0,16.41,32.82
4151,2023-12-06,Wireless Mouse,Electronics,West,3.0,16.46,49.38
4153,2023-12-06,Non-Stick Pan,Home & Kitchen,North,3.0,25.66,72.24
4152,2023-12-06,Cotton T-Shirt,Clothing,West,1.0,16.94,16.94
4158,2023-12-07,Wireless Mouse,Electronics,North,4.0,15.37,14.56
4157,2023-12-07,Winter Jacket,Clothing,West,7.0,74.96,415.275
4160,2023-12-08,Face Moisturizer,Beauty,West,3.0,19.32,57.96
4161,2023-12-08,Running Shoes,Sports,West,7.0,58.69,410.83
4159,2023-12-08,Wireless Mouse,Electronics,West,1.0,16.32,16.32
4162,2023-12-09,Coffee Maker,Home & Kitchen,West,4.0,53.52,214.08
4163,2023-12-09,Wireless Mouse,Electronics,South,3.0,17.03,51.09
4164,2023-12-09,Cotton T-Shirt,Clothing,South,4.0,13.98,55.92
4166,2023-12-09,Running Shoes,Sports,East,6.0,57.46,344.76
4165,2023-12-09,Bed Sheet Set,Home & Kitchen,West,7.0,32.53,227.71
4168,2023-12-10,Cricket Bat,Sports,North,4.0,47.87,191.48
4169,2023-12-10,Shampoo,Beauty,West,4.0,9.98,39.92
4171,2023-12-10,Non-Stick Pan,Home & Kitchen,South,1.0,27.38,27.38
4170,2023-12-10,Coffee Maker,Home & Kitchen,South,1.0,46.26,46.26
4167,2023-12-10,USB-C Charger,Electronics,South,5.0,12.86,64.3
4172,2023-12-11,Non-Stick Pan,Home & Kitchen,South,1.0,25.26,25.26
4174,2023-12-11,Non-Stick Pan,Home & Kitchen,West,7.0,22.81,159.67
4175,2023-12-11,Bluetooth Speaker,Electronics,North,2.0,31.64,63.28
4173,2023-12-11,Coffee Maker,Home & Kitchen,North,7.0,48.34,338.38
4177,2023-12-12,Wireless Mouse,Electronics,East,1.0,13.52,13.52
4179,2023-12-12,Winter Jacket,Clothing,South,4.0,89.54,358.16
4180,2023-12-12,Shampoo,Beauty,Unknown,6.0,10.42,62.52
4176,2023-12-12,Coffee Maker,Home & Kitchen,South,4.0,56.42,225.68
4178,2023-12-12,Wireless Mouse,Electronics,East,4.0,13.66,54.64
4184,2023-12-13,Wireless Mouse,Electronics,Unknown,7.0,15.57,108.99
4182,2023-12-13,Running Shoes,Sports,East,7.0,65.67,415.275
4183,2023-12-13,Yoga Mat,Sports,East,6.0,20.97,125.82
4181,2023-12-13,Face Moisturizer,Beauty,East,5.0,16.97,84.85
4189,2023-12-14,USB-C Charger,Electronics,South,1.0,12.55,12.55
4186,2023-12-14,Winter Jacket,Clothing,East,7.0,88.6,415.275
4188,2023-12-14,USB-C Charger,Electronics,West,6.0,11.98,71.88
4187,2023-12-14,Yoga Mat,Sports,Unknown,2.0,18.32,36.64
4190,2023-12-14,Mechanical Keyboard,Electronics,East,4.0,59.12,236.48
4185,2023-12-14,Cotton T-Shirt,Clothing,East,7.0,13.72,96.04
4192,2023-12-15,Non-Stick Pan,Home & Kitchen,South,7.0,24.41,170.87
4194,2023-12-15,Cricket Bat,Sports,South,7.0,45.77,320.39
4191,2023-12-15,Face Moisturizer,Beauty,West,7.0,19.98,139.86
4193,2023-12-15,Running Shoes,Sports,East,2.0,59.64,119.28
4196,2023-12-16,Running Shoes,Sports,East,7.0,68.83,415.275
4195,2023-12-16,USB-C Charger,Electronics,South,5.0,11.27,56.35
4201,2023-12-17,Bed Sheet Set,Home & Kitchen,South,3.0,29.35,88.05
4199,2023-12-17,Cricket Bat,Sports,South,5.0,46.57,237.15
4200,2023-12-17,Cricket Bat,Sports,Unknown,4.0,51.24,204.96
4197,2023-12-17,Face Moisturizer,Beauty,East,3.0,18.02,54.06
4198,2023-12-17,Shampoo,Beauty,North,2.0,11.07,22.14
4202,2023-12-18,Bluetooth Speaker,Electronics,North,7.0,37.32,261.24
4203,2023-12-18,Yoga Mat,Sports,South,4.0,19.09,76.36
4204,2023-12-18,Face Moisturizer,Beauty,South,5.0,19.8,99.0
4205,2023-12-18,Running Shoes,Sports,North,5.0,63.64,318.2
4206,2023-12-19,Shampoo,Beauty,South,6.0,10.59,63.54
4207,2023-12-19,Running Shoes,Sports,North,5.0,67.22,336.1
4209,2023-12-19,Cricket Bat,Sports,North,1.0,50.65,50.65
4208,2023-12-19,Face Moisturizer,Beauty,East,2.0,17.92,35.84
4210,2023-12-20,Face Moisturizer,Beauty,South,1.0,18.66,18.66
4211,2023-12-20,Winter Jacket,Clothing,West,3.0,82.07,246.21
4213,2023-12-20,Non-Stick Pan,Home & Kitchen,West,3.0,23.1,69.30000000000001
4212,2023-12-20,Bed Sheet Set,Home & Kitchen,North,3.0,27.26,81.78
4214,2023-12-21,Bluetooth Speaker,Electronics,Unknown,3.0,32.13,96.39
4215,2023-12-21,Running Shoes,Sports,West,6.0,65.48,392.88
4217,2023-12-22,Cricket Bat,Sports,West,4.0,47.81,191.24
4218,2023-12-22,USB-C Charger,Electronics,West,3.0,12.21,36.63
4219,2023-12-22,Bluetooth Speaker,Electronics,West,2.0,34.87,69.74
4220,2023-12-22,USB-C Charger,Electronics,North,1.0,13.49,13.49
4221,2023-12-22,Face Moisturizer,Beauty,South,4.0,16.88,67.52
4216,2023-12-22,Cotton T-Shirt,Clothing,East,6.0,15.14,90.84
4222,2023-12-23,Wireless Mouse,Electronics,North,6.0,16.6,99.6
4224,2023-12-23,Yoga Mat,Sports,South,1.0,22.7,22.7
4223,2023-12-23,Running Shoes,Sports,East,1.0,64.82,64.82
4225,2023-12-24,Wireless Mouse,Electronics,North,1.0,13.8,13.8
4226,2023-12-24,USB-C Charger,Electronics,West,4.0,10.89,21.78
4227,2023-12-24,Bed Sheet Set,Home & Kitchen,West,4.0,27.72,110.88
4229,2023-12-25,Mechanical Keyboard,Electronics,West,5.0,50.22,251.1
4228,2023-12-25,Running Shoes,Sports,North,1.0,60.06,60.06
4230,2023-12-25,Bed Sheet Set,Home & Kitchen,East,5.0,28.24,141.2
4232,2023-12-26,Mechanical Keyboard,Electronics,East,4.0,59.62,238.48
4233,2023-12-26,Bed Sheet Set,Home & Kitchen,East,2.0,28.86,57.72
4231,2023-12-26,Winter Jacket,Clothing,North,1.0,90.84,90.84
4234,2023-12-26,Mechanical Keyboard,Electronics,East,3.0,57.8,173.4
4238,2023-12-27,Running Shoes,Sports,South,6.0,64.93,389.58
4239,2023-12-27,Shampoo,Beauty,East,7.0,9.53,66.71
4237,2023-12-27,USB-C Charger,Electronics,South,6.0,13.45,80.7
4235,2023-12-27,Running Shoes,Sports,South,7.0,62.74,415.275
4240,2023-12-27,Shampoo,Beauty,North,4.0,11.12,44.48
4241,2023-12-27,Non-Stick Pan,Home & Kitchen,South,3.0,26.77,80.31
4236,2023-12-27,Running Shoes,Sports,West,6.0,63.9,383.4
4247,2023-12-28,Yoga Mat,Sports,East,6.0,21.2,127.2
4245,2023-12-28,Face Moisturizer,Beauty,East,2.0,18.34,36.68
4242,2023-12-28,Bluetooth Speaker,Electronics,West,2.0,35.94,67.98
4248,2023-12-28,Shampoo,Beauty,East,5.0,9.31,46.55
4244,2023-12-28,Wireless Mouse,Electronics,South,6.0,14.03,84.18
4243,2023-12-28,USB-C Charger,Electronics,North,3.0,13.06,39.18
4246,2023-12-28,Non-Stick Pan,Home & Kitchen,East,4.0,24.55,98.2
4249,2023-12-29,Wireless Mouse,Electronics,West,7.0,13.81,96.67
4250,2023-12-30,Cotton T-Shirt,Clothing,North,7.0,16.97,118.79
4251,2023-12-30,USB-C Charger,Electronics,South,4.0,11.46,22.92
4252,2023-12-30,Denim Jeans,Clothing,South,3.0,39.91,119.73
4254,2023-12-31,Bed Sheet Set,Home & Kitchen,North,2.0,29.75,59.5
4256,2023-12-31,Face Moisturizer,Beauty,East,6.0,16.29,97.74
4258,2023-12-31,Bluetooth Speaker,Electronics,East,7.0,37.86,265.02
4257,2023-12-31,Shampoo,Beauty,East,1.0,9.34,9.34
4253,2023-12-31,Non-Stick Pan,Home & Kitchen,West,7.0,26.14,182.98
4259,2023-12-31,Bluetooth Speaker,Electronics,North,5.0,34.77,173.85
4255,2023-12-31,Face Moisturizer,Beauty,South,6.0,16.61,99.66
4260,2024-01-01,USB-C Charger,Electronics,North,5.0,12.43,62.15
4262,2024-01-01,Wireless Mouse,Electronics,East,1.0,14.11,14.11
4261,2024-01-01,Coffee Maker,Home & Kitchen,West,3.0,52.85,158.55
4263,2024-01-02,Mechanical Keyboard,Electronics,South,2.0,62.21,124.42
4264,2024-01-02,Cricket Bat,Sports,East,5.0,42.13,210.65
4267,2024-01-02,Wireless Mouse,Electronics,East,4.0,17.19,120.33
4266,2024-01-02,Bluetooth Speaker,Electronics,North,5.0,34.91,174.55
4265,2024-01-02,Yoga Mat,Sports,East,5.0,18.68,93.4
4269,2024-01-03,Cricket Bat,Sports,North,5.0,51.21,256.05
4268,2024-01-03,Wireless Mouse,Electronics,South,5.0,15.75,78.75
4271,2024-01-04,Yoga Mat,Sports,East,3.0,19.19,57.57
4270,2024-01-04,Bed Sheet Set,Home & Kitchen,South,5.0,32.74,163.7
4274,2024-01-04,Shampoo,Beauty,West,1.0,10.27,10.27
4273,2024-01-04,Running Shoes,Sports,West,5.0,62.89,314.45
4272,2024-01-04,Yoga Mat,Sports,East,6.0,20.36,122.16
4277,2024-01-05,Coffee Maker,Home & Kitchen,South,2.0,46.86,93.72
4276,2024-01-05,Face Moisturizer,Beauty,West,4.0,20.4,81.6
4275,2024-01-05,Denim Jeans,Clothing,South,7.0,38.13,266.91
4278,2024-01-05,Bluetooth Speaker,Electronics,South,4.0,32.47,129.88
4279,2024-01-06,Shampoo,Beauty,West,4.0,10.39,41.56
4280,2024-01-06,Coffee Maker,Home & Kitchen,East,6.0,50.01,300.06
4281,2024-01-07,Shampoo,Beauty,East,1.0,11.43,11.43
4282,2024-01-07,USB-C Charger,Electronics,West,1.0,13.67,13.67
4284,2024-01-08,Coffee Maker,Home & Kitchen,North,3.0,49.33,147.99
4283,2024-01-08,Face Moisturizer,Beauty,North,3.0,18.05,54.15
4286,2024-01-09,Winter Jacket,Clothing,North,5.0,87.62,415.275
4285,2024-01-09,Wireless Mouse,Electronics,East,2.0,14.75,29.5
4287,2024-01-09,Non-Stick Pan,Home & Kitchen,West,4.0,25.0,100.0
4288,2024-01-10,Cotton T-Shirt,Clothing,North,1.0,13.78,13.78
4290,2024-01-10,Bluetooth Speaker,Electronics,Unknown,1.0,36.28,36.28
4289,2024-01-10,Coffee Maker,Home & Kitchen,East,7.0,51.92,363.44
4291,2024-01-10,Mechanical Keyboard,Electronics,West,4.0,56.4,225.6
4293,2024-01-11,Winter Jacket,Clothing,South,3.0,74.0,222.0
4294,2024-01-11,Wireless Mouse,Electronics,South,2.0,14.13,28.26
4292,2024-01-11,Shampoo,Beauty,South,1.0,9.78,9.78
4296,2024-01-12,Bluetooth Speaker,Electronics,Unknown,5.0,39.26,196.3
4295,2024-01-12,Mechanical Keyboard,Electronics,North,4.0,54.93,219.72
4297,2024-01-13,Winter Jacket,Clothing,North,4.0,77.67,310.68
4302,2024-01-14,Mechanical Keyboard,Electronics,South,7.0,57.93,405.51
4299,2024-01-14,Non-Stick Pan,Home & Kitchen,Unknown,7.0,26.33,184.31
4298,2024-01-14,Denim Jeans,Clothing,North,6.0,38.44,230.64
4303,2024-01-14,Face Moisturizer,Beauty,East,4.0,16.76,67.04
4301,2024-01-14,Bed Sheet Set,Home & Kitchen,South,5.0,30.2,151.0
4300,2024-01-14,Yoga Mat,Sports,South,7.0,21.41,149.87
4305,2024-01-15,Coffee Maker,Home & Kitchen,South,5.0,56.27,281.35
4304,2024-01-15,Coffee Maker,Home & Kitchen,South,4.0,52.77,158.31
4307,2024-01-15,Yoga Mat,Sports,West,7.0,18.55,129.85
4306,2024-01-15,Cotton T-Shirt,Clothing,East,4.0,15.26,54.28
4308,2024-01-15,USB-C Charger,Electronics,North,2.0,11.45,22.9
4309,2024-01-16,Yoga Mat,Sports,West,5.0,19.56,97.8
4310,2024-01-16,Wireless Mouse,Electronics,East,7.0,16.15,113.05
4311,2024-01-17,Winter Jacket,Clothing,West,5.0,75.99,379.95
4314,2024-01-17,Shampoo,Beauty,North,1.0,9.28,9.28
4313,2024-01-17,Shampoo,Beauty,East,6.0,10.56,63.36
4312,2024-01-17,Face Moisturizer,Beauty,South,7.0,18.85,131.95
4318,2024-01-18,Cotton T-Shirt,Clothing,East,6.0,14.83,88.98
4315,2024-01-18,Running Shoes,Sports,North,4.0,56.53,226.12
4316,2024-01-18,Face Moisturizer,Beauty,East,2.0,16.97,33.94
4317,2024-01-18,Cricket Bat,Sports,South,3.0,50.86,152.58
4319,2024-01-19,USB-C Charger,Electronics,South,6.0,12.36,74.16
4320,2024-01-19,Face Moisturizer,Beauty,South,3.0,20.34,61.02
4322,2024-01-20,Cricket Bat,Sports,West,2.0,49.38,98.76
4321,2024-01-20,Bluetooth Speaker,Electronics,North,2.0,31.88,63.76
4324,2024-01-21,Denim Jeans,Clothing,West,1.0,41.66,41.66
4323,2024-01-21,Yoga Mat,Sports,West,3.0,22.83,68.49
4328,2024-01-22,Yoga Mat,Sports,East,4.0,19.28,77.12
4326,2024-01-22,Face Moisturizer,Beauty,East,2.0,19.56,39.12
4327,2024-01-22,Cricket Bat,Sports,South,4.0,46.68,186.72
4325,2024-01-22,Yoga Mat,Sports,East,4.0,22.89,91.56
4329,2024-01-22,Denim Jeans,Clothing,South,7.0,38.55,269.85
4330,2024-01-23,Wireless Mouse,Electronics,Unknown,7.0,14.48,101.36
4331,2024-01-23,USB-C Charger,Electronics,West,5.0,12.13,60.65
4337,2024-01-24,Running Shoes,Sports,North,6.0,65.95,395.7
4334,2024-01-24,Bed Sheet Set,Home & Kitchen,East,3.0,29.47,88.41
4335,2024-01-24,Yoga Mat,Sports,South,3.0,20.93,62.79
4332,2024-01-24,Shampoo,Beauty,North,7.0,11.09,77.63
4333,2024-01-24,Yoga Mat,Sports,South,6.0,18.75,112.5
4336,2024-01-24,Shampoo,Beauty,West,7.0,9.62,67.34
4340,2024-01-25,Winter Jacket,Clothing,North,1.0,75.62,75.62
4338,2024-01-25,Mechanical Keyboard,Electronics,East,7.0,50.7,354.9
4339,2024-01-25,Shampoo,Beauty,West,5.0,9.67,48.35
4341,2024-01-26,USB-C Charger,Electronics,South,4.0,13.45,53.8
4345,2024-01-26,Face Moisturizer,Beauty,West,5.0,20.08,100.4
4343,2024-01-26,USB-C Charger,Electronics,South,5.0,13.07,65.35
4344,2024-01-26,Yoga Mat,Sports,North,7.0,18.96,132.72
4342,2024-01-26,Face Moisturizer,Beauty,West,5.0,16.22,81.1
4347,2024-01-26,Cotton T-Shirt,Clothing,North,5.0,15.23,76.15
4346,2024-01-26,USB-C Charger,Electronics,North,5.0,13.79,68.95
4349,2024-01-27,Shampoo,Beauty,South,3.0,11.01,33.03
4348,2024-01-27,Shampoo,Beauty,North,5.0,10.59,52.95
4350,2024-01-28,Face Moisturizer,Beauty,North,4.0,16.61,33.22
4351,2024-01-29,Bluetooth Speaker,Electronics,South,7.0,33.3,233.1
4353,2024-01-29,Shampoo,Beauty,North,7.0,9.26,64.82
4352,2024-01-29,Shampoo,Beauty,East,2.0,10.73,21.46
4354,2024-01-30,Mechanical Keyboard,Electronics,East,2.0,54.92,109.84
4358,2024-01-31,Yoga Mat,Sports,East,6.0,21.48,128.88
4355,2024-01-31,Running Shoes,Sports,East,1.0,68.93,68.93
4357,2024-01-31,Non-Stick Pan,Home & Kitchen,North,7.0,25.45,178.15
4356,2024-01-31,Yoga Mat,Sports,East,5.0,22.04,110.2
4359,2024-02-01,Cricket Bat,Sports,West,1.0,50.9,50.9
4360,2024-02-01,USB-C Charger,Electronics,Unknown,4.0,10.81,43.24
4361,2024-02-02,Denim Jeans,Clothing,South,4.0,45.15,270.9
4362,2024-02-02,Bluetooth Speaker,Electronics,North,6.0,36.69,220.14
4364,2024-02-03,Mechanical Keyboard,Electronics,West,2.0,59.03,118.06
4363,2024-02-03,Bed Sheet Set,Home & Kitchen,East,2.0,33.81,67.62
4367,2024-02-04,Yoga Mat,Sports,South,6.0,20.86,125.16
4366,2024-02-04,Cricket Bat,Sports,Unknown,5.0,45.79,228.95
4365,2024-02-04,Winter Jacket,Clothing,South,5.0,84.54,415.275
4368,2024-02-04,Winter Jacket,Clothing,South,5.0,82.08,410.4
4374,2024-02-05,Bluetooth Speaker,Electronics,South,6.0,37.19,223.14
4372,2024-02-05,Wireless Mouse,Electronics,West,6.0,14.65,87.9
4370,2024-02-05,Bluetooth Speaker,Electronics,East,2.0,32.84,65.68
4375,2024-02-05,Face Moisturizer,Beauty,North,4.0,19.24,76.96
4371,2024-02-05,USB-C Charger,Electronics,Unknown,1.0,10.81,10.81
4373,2024-02-05,Cricket Bat,Sports,South,7.0,50.81,355.67
4369,2024-02-05,Coffee Maker,Home & Kitchen,North,6.0,46.01,276.06
4376,2024-02-06,Coffee Maker,Home & Kitchen,South,6.0,51.08,306.48
4377,2024-02-07,Yoga Mat,Sports,South,7.0,19.8,138.6
4378,2024-02-08,Bluetooth Speaker,Electronics,West,3.0,33.69,101.07
4379,2024-02-08,Mechanical Keyboard,Electronics,Unknown,4.0,50.14,200.56
4380,2024-02-08,Mechanical Keyboard,Electronics,South,2.0,59.49,118.98
4381,2024-02-08,Non-Stick Pan,Home & Kitchen,South,2.0,28.33,56.66
4382,2024-02-08,Wireless Mouse,Electronics,North,5.0,14.94,74.7
4384,2024-02-09,Non-Stick Pan,Home & Kitchen,East,6.0,26.45,158.7
4385,2024-02-09,Wireless Mouse,Electronics,South,3.0,15.4,46.2
4383,2024-02-09,Face Moisturizer,Beauty,North,2.0,19.47,38.94
4388,2024-02-10,Mechanical Keyboard,Electronics,North,4.0,57.49,229.96
4389,2024-02-10,USB-C Charger,Electronics,East,3.0,11.36,34.08
4391,2024-02-10,Coffee Maker,Home & Kitchen,South,1.0,46.72,46.72
4387,2024-02-10,Winter Jacket,Clothing,South,3.0,75.89,227.67
4386,2024-02-10,Mechanical Keyboard,Electronics,West,7.0,52.06,364.42
4390,2024-02-10,Denim Jeans,Clothing,West,6.0,41.17,267.72
4393,2024-02-11,Bed Sheet Set,Home & Kitchen,North,2.0,30.35,60.7
4395,2024-02-11,Bed Sheet Set,Home & Kitchen,West,7.0,29.19,204.33
4392,2024-02-11,Face Moisturizer,Beauty,North,6.0,19.67,118.02
4394,2024-02-11,Bluetooth Speaker,Electronics,South,5.0,39.87,199.35
4396,2024-02-12,Cricket Bat,Sports,Unknown,6.0,44.14,264.84
4397,2024-02-12,Bed Sheet Set,Home & Kitchen,West,1.0,29.85,29.85
4402,2024-02-13,Winter Jacket,Clothing,East,2.0,74.52,149.04
4400,2024-02-13,Running Shoes,Sports,North,4.0,60.89,243.56
4403,2024-02-13,Cotton T-Shirt,Clothing,North,2.0,15.62,31.24
4399,2024-02-13,Mechanical Keyboard,Electronics,North,4.0,49.78,149.34
4401,2024-02-13,Running Shoes,Sports,West,1.0,61.5,61.5
4398,2024-02-13,Yoga Mat,Sports,South,4.0,20.71,82.84
4404,2024-02-14,USB-C Charger,Electronics,Unknown,3.0,11.54,34.62
4406,2024-02-14,Bed Sheet Set,Home & Kitchen,East,3.0,30.82,92.46
4407,2024-02-14,Wireless Mouse,Electronics,North,5.0,16.85,84.25
4405,2024-02-14,USB-C Charger,Electronics,South,6.0,12.18,73.08
4409,2024-02-15,Denim Jeans,Clothing,West,3.0,41.55,124.65
4412,2024-02-15,Non-Stick Pan,Home & Kitchen,East,5.0,26.53,132.65
4410,2024-02-15,Mechanical Keyboard,Electronics,West,1.0,55.42,55.42
4411,2024-02-15,Mechanical Keyboard,Electronics,South,6.0,55.65,333.9
4408,2024-02-15,Winter Jacket,Clothing,North,1.0,85.59,85.59
4413,2024-02-16,Cotton T-Shirt,Clothing,South,4.0,14.37,57.48
4417,2024-02-17,Denim Jeans,Clothing,West,2.0,36.18,72.36
4415,2024-02-17,Bed Sheet Set,Home & Kitchen,West,5.0,32.53,162.65
4416,2024-02-17,Denim Jeans,Clothing,West,5.0,41.88,209.4
4414,2024-02-17,Mechanical Keyboard,Electronics,South,4.0,53.88,215.52
4418,2024-02-18,Mechanical Keyboard,Electronics,West,2.0,50.59,101.18
4422,2024-02-18,Cricket Bat,Sports,South,1.0,51.05,51.05
4421,2024-02-18,Running Shoes,Sports,South,2.0,59.49,118.98
4423,2024-02-18,Coffee Maker,Home & Kitchen,East,1.0,51.86,51.86
4419,2024-02-18,Non-Stick Pan,Home & Kitchen,West,1.0,24.43,24.43
4420,2024-02-18,Bluetooth Speaker,Electronics,West,2.0,36.99,73.98
4424,2024-02-18,Mechanical Keyboard,Electronics,West,7.0,59.54,415.275
4425,2024-02-19,Wireless Mouse,Electronics,South,4.0,14.79,59.16
4427,2024-02-19,USB-C Charger,Electronics,North,4.0,11.16,44.64
4426,2024-02-19,Shampoo,Beauty,North,7.0,11.24,78.68
4428,2024-02-20,Wireless Mouse,Electronics,North,6.0,13.77,82.62
4431,2024-02-21,Denim Jeans,Clothing,North,4.0,43.74,174.96
4432,2024-02-21,Shampoo,Beauty,South,1.0,10.4,10.4
4430,2024-02-21,Bluetooth Speaker,Electronics,Unknown,3.0,34.86,104.58
4429,2024-02-21,Bed Sheet Set,Home & Kitchen,West,5.0,33.27,166.35
4434,2024-02-22,Non-Stick Pan,Home & Kitchen,West,2.0,24.35,48.7
4433,2024-02-22,Running Shoes,Sports,South,6.0,68.4,410.4
4435,2024-02-23,Cotton T-Shirt,Clothing,South,6.0,14.35,86.1
4437,2024-02-23,Shampoo,Beauty,South,2.0,9.47,18.94
4436,2024-02-23,Winter Jacket,Clothing,East,5.0,88.36,415.275
4438,2024-02-24,Cricket Bat,Sports,Unknown,7.0,46.61,326.27
4441,2024-02-24,Shampoo,Beauty,South,5.0,10.64,53.2
4439,2024-02-24,Winter Jacket,Clothing,West,1.0,77.61,77.61
4440,2024-02-24,USB-C Charger,Electronics,East,5.0,10.99,54.95
4445,2024-02-25,Mechanical Keyboard,Electronics,South,2.0,61.39,122.78
4442,2024-02-25,Face Moisturizer,Beauty,East,5.0,20.7,103.5
4443,2024-02-25,Cotton T-Shirt,Clothing,East,2.0,15.27,30.54
4444,2024-02-25,Bed Sheet Set,Home & Kitchen,North,1.0,33.57,33.57
4446,2024-02-26,Mechanical Keyboard,Electronics,South,6.0,57.47,344.82
4447,2024-02-27,Shampoo,Beauty,South,3.0,9.59,28.77
4449,2024-02-28,Wireless Mouse,Electronics,West,6.0,13.85,83.1
4450,2024-02-28,Running Shoes,Sports,East,3.0,57.39,172.17
4448,2024-02-28,Running Shoes,Sports,East,1.0,54.51,54.51
4452,2024-02-29,Face Moisturizer,Beauty,East,4.0,17.7,70.8
4451,2024-02-29,Mechanical Keyboard,Electronics,South,5.0,58.67,293.35
4457,2024-03-01,USB-C Charger,Electronics,South,4.0,11.65,46.6
4455,2024-03-01,Shampoo,Beauty,West,3.0,11.49,34.47
4453,2024-03-01,Shampoo,Beauty,East,2.0,11.35,22.7
4456,2024-03-01,Denim Jeans,Clothing,North,1.0,43.01,43.01
4454,2024-03-01,Cotton T-Shirt,Clothing,South,4.0,14.51,58.04
4458,2024-03-02,Bed Sheet Set,Home & Kitchen,North,4.0,27.98,111.92
4460,2024-03-03,Mechanical Keyboard,Electronics,West,2.0,62.21,124.42
4459,2024-03-03,Cricket Bat,Sports,South,4.0,45.78,91.56
4462,2024-03-03,Running Shoes,Sports,West,7.0,68.11,415.275
4463,2024-03-03,Face Moisturizer,Beauty,East,2.0,17.76,35.52
4461,2024-03-03,Cotton T-Shirt,Clothing,South,2.0,16.04,32.08
4467,2024-03-04,Non-Stick Pan,Home & Kitchen,East,7.0,28.46,199.22
4465,2024-03-04,Winter Jacket,Clothing,South,4.0,83.68,334.72
4464,2024-03-04,Coffee Maker,Home & Kitchen,North,3.0,46.14,138.42
4466,2024-03-04,Face Moisturizer,Beauty,South,5.0,18.7,93.5
4469,2024-03-05,Cricket Bat,Sports,West,3.0,47.16,141.48
4468,2024-03-05,USB-C Charger,Electronics,East,3.0,11.66,34.98
4470,2024-03-05,Winter Jacket,Clothing,East,2.0,91.37,182.74
4471,2024-03-06,Mechanical Keyboard,Electronics,West,2.0,62.86,125.72
4472,2024-03-06,Mechanical Keyboard,Electronics,North,4.0,62.48,249.92
4473,2024-03-07,Cricket Bat,Sports,South,4.0,49.74,198.96
4474,2024-03-08,Bluetooth Speaker,Electronics,South,6.0,36.36,218.16
4475,2024-03-08,Bluetooth Speaker,Electronics,North,3.0,32.0,96.0
4477,2024-03-09,Shampoo,Beauty,North,7.0,10.45,73.15
4476,2024-03-09,Yoga Mat,Sports,North,3.0,18.09,54.27
4479,2024-03-10,Coffee Maker,Home & Kitchen,North,4.0,55.33,221.32
4478,2024-03-10,USB-C Charger,Electronics,East,2.0,11.2,22.4
4480,2024-03-10,Winter Jacket,Clothing,North,5.0,72.36,361.8
4481,2024-03-11,Cotton T-Shirt,Clothing,North,3.0,16.7,50.1
4484,2024-03-12,Winter Jacket,Clothing,West,4.0,83.55,334.2
4486,2024-03-12,Non-Stick Pan,Home & Kitchen,North,5.0,25.47,127.35
4485,2024-03-12,Denim Jeans,Clothing,East,2.0,38.22,76.44
4483,2024-03-12,Yoga Mat,Sports,North,7.0,21.31,149.17
4482,2024-03-12,Coffee Maker,Home & Kitchen,East,6.0,52.0,312.0
4487,2024-03-13,Face Moisturizer,Beauty,West,4.0,16.85,67.4
4492,2024-03-13,Yoga Mat,Sports,North,4.0,21.44,85.76
4488,2024-03-13,Running Shoes,Sports,South,1.0,62.09,62.4
4490,2024-03-13,Coffee Maker,Home & Kitchen,North,2.0,47.52,95.04
4491,2024-03-13,Non-Stick Pan,Home & Kitchen,East,3.0,23.88,71.64
4489,2024-03-13,Cotton T-Shirt,Clothing,West,4.0,15.59,62.36
4493,2024-03-14,Winter Jacket,Clothing,North,6.0,82.11,415.275
4494,2024-03-14,Cotton T-Shirt,Clothing,East,6.0,14.57,87.42
4495,2024-03-14,Coffee Maker,Home & Kitchen,South,6.0,46.61,279.66
4496,2024-03-14,Coffee Maker,Home & Kitchen,North,6.0,50.66,303.96
4499,2024-03-15,Coffee Maker,Home & Kitchen,North,6.0,57.43,344.58
4500,2024-03-15,Face Moisturizer,Beauty,South,2.0,16.59,33.18
4501,2024-03-15,Yoga Mat,Sports,South,1.0,19.7,19.7
4502,2024-03-15,Running Shoes,Sports,East,7.0,68.19,415.275
4497,2024-03-15,Winter Jacket,Clothing,West,5.0,81.33,406.65
4498,2024-03-15,Winter Jacket,Clothing,South,7.0,81.81,415.275
4506,2024-03-16,Cotton T-Shirt,Clothing,North,3.0,14.29,42.87
4503,2024-03-16,Shampoo,Beauty,East,7.0,11.45,80.15
4504,2024-03-16,Shampoo,Beauty,West,6.0,10.03,60.18
4505,2024-03-16,Face Moisturizer,Beauty,Unknown,4.0,17.6,70.4
4507,2024-03-17,Denim Jeans,Clothing,North,5.0,38.22,191.1
4509,2024-03-17,Shampoo,Beauty,North,6.0,9.47,56.82
4508,2024-03-17,Yoga Mat,Sports,West,4.0,20.55,82.2
4510,2024-03-18,USB-C Charger,Electronics,South,3.0,11.42,34.26
4511,2024-03-18,Denim Jeans,Clothing,North,6.0,45.1,270.6
4513,2024-03-19,Cricket Bat,Sports,West,7.0,44.09,308.63
4512,2024-03-19,Bed Sheet Set,Home & Kitchen,East,5.0,32.1,160.5
4514,2024-03-19,Bluetooth Speaker,Electronics,West,5.0,37.89,189.45
4515,2024-03-20,Mechanical Keyboard,Electronics,East,6.0,52.72,316.32
4516,2024-03-21,Wireless Mouse,Electronics,East,2.0,15.24,30.48
4517,2024-03-21,Bed Sheet Set,Home & Kitchen,North,7.0,34.03,238.21
4518,2024-03-22,Shampoo,Beauty,North,6.0,10.9,65.4
4519,2024-03-22,Cricket Bat,Sports,North,5.0,46.48,232.4
4522,2024-03-23,Winter Jacket,Clothing,South,2.0,77.62,155.24
4520,2024-03-23,Bed Sheet Set,Home & Kitchen,North,4.0,32.93,131.72
4521,2024-03-23,Mechanical Keyboard,Electronics,East,3.0,52.47,157.41
4524,2024-03-24,Wireless Mouse,Electronics,South,7.0,14.45,101.15
4523,2024-03-24,Running Shoes,Sports,East,1.0,65.35,65.35
4528,2024-03-25,Coffee Maker,Home & Kitchen,Unknown,3.0,50.81,152.43
4531,2024-03-25,USB-C Charger,Electronics,North,2.0,11.16,22.32
4527,2024-03-25,Running Shoes,Sports,West,3.0,61.92,185.76
4533,2024-03-25,Coffee Maker,Home & Kitchen,North,7.0,48.02,336.14
4525,2024-03-25,Yoga Mat,Sports,East,7.0,20.98,146.86
4526,2024-03-25,Cotton T-Shirt,Clothing,South,7.0,14.98,104.86
4529,2024-03-25,USB-C Charger,Electronics,South,1.0,12.57,12.57
4532,2024-03-25,Face Moisturizer,Beauty,West,1.0,19.07,19.07
4530,2024-03-25,Yoga Mat,Sports,South,4.0,18.61,74.44
4534,2024-03-26,Yoga Mat,Sports,West,7.0,18.04,126.28
4539,2024-03-27,USB-C Charger,Electronics,North,7.0,11.22,78.54
4537,2024-03-27,Wireless Mouse,Electronics,South,7.0,15.1,105.7
4538,2024-03-27,Running Shoes,Sports,South,5.0,56.03,280.15
4535,2024-03-27,Non-Stick Pan,Home & Kitchen,North,3.0,23.88,71.64
4536,2024-03-27,USB-C Charger,Electronics,West,4.0,12.34,49.36
4540,2024-03-28,Wireless Mouse,Electronics,West,1.0,14.56,14.56
4541,2024-03-28,Mechanical Keyboard,Electronics,Unknown,4.0,55.11,220.44
4542,2024-03-28,Non-Stick Pan,Home & Kitchen,North,7.0,28.21,197.47
4543,2024-03-29,Denim Jeans,Clothing,South,3.0,42.18,126.54
4544,2024-03-29,Non-Stick Pan,Home & Kitchen,North,6.0,26.06,156.35999999999999
4545,2024-03-29,Bed Sheet Set,Home & Kitchen,North,6.0,33.62,201.72
4546,2024-03-30,Wireless Mouse,Electronics,East,4.0,14.49,57.96
4548,2024-03-31,Running Shoes,Sports,South,6.0,56.21,337.26
4547,2024-03-31,Yoga Mat,Sports,West,7.0,18.52,129.64
4549,2024-04-01,Bluetooth Speaker,Electronics,South,6.0,38.19,229.14
4554,2024-04-02,USB-C Charger,Electronics,North,6.0,12.55,75.3
4551,2024-04-02,Non-Stick Pan,Home & Kitchen,South,5.0,27.0,135.0
4550,2024-04-02,Mechanical Keyboard,Electronics,East,1.0,53.0,53.0
4552,2024-04-02,Bed Sheet Set,Home & Kitchen,West,2.0,29.83,59.66
4553,2024-04-02,Mechanical Keyboard,Electronics,North,3.0,55.65,183.81
4555,2024-04-02,Bed Sheet Set,Home & Kitchen,East,4.0,27.81,111.24
4557,2024-04-03,Non-Stick Pan,Home & Kitchen,South,1.0,27.16,27.16
4558,2024-04-03,Bed Sheet Set,Home & Kitchen,South,6.0,28.39,170.34
4556,2024-04-03,Running Shoes,Sports,West,7.0,56.6,396.2
4559,2024-04-04,Running Shoes,Sports,West,4.0,65.17,260.68
4560,2024-04-05,Cricket Bat,Sports,West,1.0,41.29,41.29
4561,2024-04-06,Mechanical Keyboard,Electronics,North,3.0,52.85,158.55
4565,2024-04-06,Wireless Mouse,Electronics,West,3.0,16.14,48.42
4562,2024-04-06,Mechanical Keyboard,Electronics,East,1.0,52.4,52.4
4563,2024-04-06,Running Shoes,Sports,South,6.0,54.34,326.04
4564,2024-04-06,Cricket Bat,Sports,West,2.0,46.49,92.98
4566,2024-04-07,Shampoo,Beauty,North,1.0,11.29,11.29
4567,2024-04-08,Non-Stick Pan,Home & Kitchen,North,4.0,28.33,113.32
4569,2024-04-08,Denim Jeans,Clothing,West,7.0,45.31,317.17
4568,2024-04-08,Winter Jacket,Clothing,West,4.0,80.92,323.68
4570,2024-04-09,Mechanical Keyboard,Electronics,East,4.0,59.95,239.8
4571,2024-04-09,USB-C Charger,Electronics,South,2.0,12.6,25.2
4572,2024-04-09,Wireless Mouse,Electronics,North,3.0,16.36,49.08
4573,2024-04-10,Running Shoes,Sports,West,7.0,62.09,415.275
4574,2024-04-11,Shampoo,Beauty,West,6.0,10.65,63.9
4575,2024-04-12,Yoga Mat,Sports,East,7.0,19.81,138.67
4576,2024-04-13,Yoga Mat,Sports,South,3.0,19.35,58.05
4577,2024-04-13,Mechanical Keyboard,Electronics,East,4.0,50.52,101.04
4578,2024-04-13,Shampoo,Beauty,South,7.0,10.49,73.43
4580,2024-04-13,Bed Sheet Set,Home & Kitchen,East,2.0,28.91,57.82
4579,2024-04-13,Cotton T-Shirt,Clothing,West,3.0,17.18,51.54
4582,2024-04-14,Denim Jeans,Clothing,South,2.0,44.19,88.38
4581,2024-04-14,Face Moisturizer,Beauty,East,7.0,18.244999999999997,143.43
4584,2024-04-15,Face Moisturizer,Beauty,North,6.0,16.49,98.94
4583,2024-04-15,Coffee Maker,Home & Kitchen,South,5.0,51.42,257.1
4585,2024-04-16,Cotton T-Shirt,Clothing,East,2.0,14.22,28.44
4588,2024-04-17,Cotton T-Shirt,Clothing,South,3.0,14.77,44.31
4587,2024-04-17,Bed Sheet Set,Home & Kitchen,South,1.0,33.25,33.25
4586,2024-04-17,Mechanical Keyboard,Electronics,Unknown,1.0,49.86,49.86
4589,2024-04-17,Bed Sheet Set,Home & Kitchen,South,4.0,31.76,127.04
4592,2024-04-18,Cotton T-Shirt,Clothing,North,2.0,16.65,33.3
4590,2024-04-18,Wireless Mouse,Electronics,North,7.0,14.34,100.38
4591,2024-04-18,Running Shoes,Sports,South,7.0,60.98,415.275
4593,2024-04-19,Bed Sheet Set,Home & Kitchen,East,2.0,34.23,68.46
4594,2024-04-19,Cotton T-Shirt,Clothing,East,1.0,14.29,14.29
4595,2024-04-19,Winter Jacket,Clothing,North,4.0,89.29,357.16
4596,2024-04-20,Wireless Mouse,Electronics,East,4.0,15.72,62.88
4597,2024-04-21,Bluetooth Speaker,Electronics,South,1.0,35.94,38.51
4598,2024-04-22,Coffee Maker,Home & Kitchen,South,5.0,52.19,260.95
4599,2024-04-22,Bed Sheet Set,Home & Kitchen,North,4.0,31.06,186.36
4603,2024-04-23,Running Shoes,Sports,South,3.0,63.62,190.86
4602,2024-04-23,Denim Jeans,Clothing,East,4.0,38.97,155.88
4601,2024-04-23,Face Moisturizer,Beauty,North,2.0,17.51,35.02
4605,2024-04-23,Coffee Maker,Home & Kitchen,North,4.0,46.33,185.32
4600,2024-04-23,Winter Jacket,Clothing,North,1.0,89.9,89.9
4604,2024-04-23,USB-C Charger,Electronics,South,5.0,13.29,66.45
4606,2024-04-24,Bed Sheet Set,Home & Kitchen,South,2.0,27.47,54.94
4607,2024-04-25,Non-Stick Pan,Home & Kitchen,East,3.0,26.54,79.62
4608,2024-04-26,Running Shoes,Sports,North,4.0,65.34,261.36
4610,2024-04-26,Winter Jacket,Clothing,South,2.0,74.36,148.72
4611,2024-04-26,Yoga Mat,Sports,West,6.0,18.3,109.8
4609,2024-04-26,Yoga Mat,Sports,North,6.0,20.17,121.02
4616,2024-04-27,Bluetooth Speaker,Electronics,South,7.0,38.85,271.95
4613,2024-04-27,Non-Stick Pan,Home & Kitchen,North,7.0,23.38,163.66
4612,2024-04-27,Non-Stick Pan,Home & Kitchen,South,6.0,26.19,157.14
4614,2024-04-27,Cotton T-Shirt,Clothing,West,7.0,13.54,94.78
4615,2024-04-27,USB-C Charger,Electronics,West,2.0,11.31,22.62
4618,2024-04-28,Non-Stick Pan,Home & Kitchen,North,2.0,24.68,49.36
4619,2024-04-28,Winter Jacket,Clothing,North,7.0,88.31,415.275
4622,2024-04-28,Cotton T-Shirt,Clothing,Unknown,5.0,13.79,68.95
4617,2024-04-28,Mechanical Keyboard,Electronics,North,2.0,56.0,112.0
4620,2024-04-28,Shampoo,Beauty,East,6.0,11.04,66.24
4621,2024-04-28,Coffee Maker,Home & Kitchen,South,7.0,46.76,327.32
4623,2024-04-29,Non-Stick Pan,Home & Kitchen,West,6.0,24.78,148.68
4624,2024-04-30,Cricket Bat,Sports,North,2.0,46.0,92.0
4629,2024-04-30,Cricket Bat,Sports,East,4.0,44.5,89.0
4628,2024-04-30,Shampoo,Beauty,North,4.0,10.92,43.68
4627,2024-04-30,Face Moisturizer,Beauty,North,5.0,17.2,86.0
4626,2024-04-30,Coffee Maker,Home & Kitchen,North,4.0,54.56,218.24
4625,2024-04-30,Non-Stick Pan,Home & Kitchen,South,3.0,23.06,69.18
4631,2024-05-01,Non-Stick Pan,Home & Kitchen,West,6.0,28.01,168.06
4630,2024-05-01,Bed Sheet Set,Home & Kitchen,North,6.0,27.39,164.34
4632,2024-05-02,Bluetooth Speaker,Electronics,North,3.0,35.77,107.31
4633,2024-05-02,Wireless Mouse,Electronics,North,4.0,16.64,66.56
4634,2024-05-02,Cricket Bat,Sports,East,6.0,46.37,278.22
4635,2024-05-03,Cotton T-Shirt,Clothing,South,6.0,14.7,88.2
4636,2024-05-03,Running Shoes,Sports,Unknown,7.0,57.07,399.49
4637,2024-05-04,Cricket Bat,Sports,West,7.0,51.16,358.12
4639,2024-05-04,Cricket Bat,Sports,West,2.0,48.11,96.22
4640,2024-05-04,Face Moisturizer,Beauty,East,2.0,20.68,41.36
4642,2024-05-04,Bed Sheet Set,Home & Kitchen,West,4.0,33.13,132.52
4638,2024-05-04,Yoga Mat,Sports,West,1.0,21.79,21.79
4641,2024-05-04,Denim Jeans,Clothing,East,7.0,41.17,282.1
4644,2024-05-05,Non-Stick Pan,Home & Kitchen,South,4.0,25.66,107.96
4645,2024-05-05,USB-C Charger,Electronics,East,4.0,13.65,40.95
4643,2024-05-05,Bed Sheet Set,Home & Kitchen,North,7.0,27.83,194.81
4647,2024-05-06,Coffee Maker,Home & Kitchen,East,1.0,47.41,47.41
4646,2024-05-06,Cotton T-Shirt,Clothing,West,6.0,16.39,98.34
4648,2024-05-07,Non-Stick Pan,Home & Kitchen,West,2.0,26.06,52.12
4653,2024-05-08,USB-C Charger,Electronics,North,2.0,12.91,25.82
4654,2024-05-08,Non-Stick Pan,Home & Kitchen,East,6.0,23.26,139.56
4651,2024-05-08,Cricket Bat,Sports,East,2.0,42.55,85.1
4652,2024-05-08,USB-C Charger,Electronics,West,2.0,12.4,24.8
4650,2024-05-08,Shampoo,Beauty,East,4.0,9.03,63.21
4649,2024-05-08,Wireless Mouse,Electronics,North,7.0,16.14,112.98
4655,2024-05-09,Cricket Bat,Sports,North,7.0,43.05,301.35
4659,2024-05-09,Winter Jacket,Clothing,North,5.0,88.19,415.275
4657,2024-05-09,Winter Jacket,Clothing,East,3.0,85.81,257.43
4656,2024-05-09,Running Shoes,Sports,North,2.0,62.09,121.14
4658,2024-05-09,USB-C Charger,Electronics,West,4.0,13.43,53.72
4661,2024-05-10,Denim Jeans,Clothing,East,2.0,37.32,74.64
4662,2024-05-10,Cricket Bat,Sports,East,1.0,50.49,50.49
4663,2024-05-10,USB-C Charger,Electronics,South,6.0,12.54,75.24
4660,2024-05-10,Bed Sheet Set,Home & Kitchen,West,6.0,31.45,188.7
4667,2024-05-11,Mechanical Keyboard,Electronics,East,7.0,53.24,372.68
4665,2024-05-11,Denim Jeans,Clothing,West,2.0,40.24,80.48
4664,2024-05-11,Non-Stick Pan,Home & Kitchen,East,1.0,26.73,26.73
4666,2024-05-11,Shampoo,Beauty,North,4.0,10.74,42.96
4668,2024-05-12,Wireless Mouse,Electronics,East,5.0,15.68,78.4
4669,2024-05-13,USB-C Charger,Electronics,East,1.0,13.17,13.17
4670,2024-05-14,Cotton T-Shirt,Clothing,East,7.0,16.39,114.73
4671,2024-05-14,Coffee Maker,Home & Kitchen,North,7.0,56.89,398.23
4672,2024-05-15,Running Shoes,Sports,East,6.0,67.86,407.16
4675,2024-05-16,Cotton T-Shirt,Clothing,East,3.0,16.95,50.85
4673,2024-05-16,Wireless Mouse,Electronics,East,7.0,15.57,108.99
4674,2024-05-16,Running Shoes,Sports,East,2.0,66.44,132.88
4676,2024-05-16,Face Moisturizer,Beauty,North,3.0,17.57,52.71
4677,2024-05-17,Cricket Bat,Sports,West,7.0,49.07,343.49
4678,2024-05-18,Winter Jacket,Clothing,North,4.0,87.47,349.88
4679,2024-05-19,Wireless Mouse,Electronics,South,1.0,15.73,15.73
4681,2024-05-20,Shampoo,Beauty,West,7.0,11.0,77.0
4680,2024-05-20,Winter Jacket,Clothing,North,7.0,88.12,415.275
4684,2024-05-21,Bed Sheet Set,Home & Kitchen,South,6.0,31.75,190.5
4685,2024-05-21,Cricket Bat,Sports,North,4.0,48.45,193.8
4682,2024-05-21,Denim Jeans,Clothing,North,6.0,42.32,253.92
4683,2024-05-21,Cricket Bat,Sports,North,1.0,46.56,46.56
4686,2024-05-22,Coffee Maker,Home & Kitchen,West,5.0,51.15,255.75
4688,2024-05-23,Shampoo,Beauty,East,2.0,9.98,19.96
4689,2024-05-23,Bluetooth Speaker,Electronics,South,3.0,35.21,105.63
4687,2024-05-23,Cotton T-Shirt,Clothing,South,3.0,15.26,48.6
4690,2024-05-24,Running Shoes,Sports,East,2.0,61.45,122.9
4691,2024-05-24,Cricket Bat,Sports,East,6.0,42.12,252.72
4693,2024-05-25,Cotton T-Shirt,Clothing,Unknown,6.0,13.66,81.96
4694,2024-05-25,Shampoo,Beauty,South,2.0,9.15,18.3
4692,2024-05-25,Coffee Maker,Home & Kitchen,North,4.0,47.44,189.76
4699,2024-05-26,Running Shoes,Sports,West,1.0,62.43,62.43
4695,2024-05-26,Face Moisturizer,Beauty,North,3.0,20.67,62.01
4697,2024-05-26,USB-C Charger,Electronics,South,5.0,13.54,67.7
4698,2024-05-26,Shampoo,Beauty,North,7.0,10.05,70.35
4700,2024-05-26,Mechanical Keyboard,Electronics,East,4.0,58.74,234.96
4696,2024-05-26,Denim Jeans,Clothing,West,6.0,41.15,246.9
4702,2024-05-27,Winter Jacket,Clothing,South,3.0,84.33,252.99
4701,2024-05-27,Running Shoes,Sports,South,4.0,65.19,260.76
4704,2024-05-27,Face Moisturizer,Beauty,West,7.0,17.69,123.83
4703,2024-05-27,Running Shoes,Sports,Unknown,1.0,65.49,65.49
4705,2024-05-28,Wireless Mouse,Electronics,East,7.0,13.62,95.33999999999999
4711,2024-05-29,Bluetooth Speaker,Electronics,North,3.0,34.66,103.98
4708,2024-05-29,Running Shoes,Sports,West,4.0,54.19,216.76
4707,2024-05-29,Coffee Maker,Home & Kitchen,North,3.0,50.89,152.67
4706,2024-05-29,Mechanical Keyboard,Electronics,West,2.0,61.31,122.62
4710,2024-05-29,Yoga Mat,Sports,North,5.0,20.13,100.65
4709,2024-05-29,Yoga Mat,Sports,North,4.0,22.38,89.52
4712,2024-05-29,Yoga Mat,Sports,East,3.0,21.59,64.77
4713,2024-05-30,Wireless Mouse,Electronics,East,5.0,15.71,78.55
4714,2024-05-30,Cotton T-Shirt,Clothing,North,5.0,14.76,73.8
4718,2024-05-31,Coffee Maker,Home & Kitchen,South,2.0,50.09,100.18
4716,2024-05-31,Yoga Mat,Sports,West,3.0,19.54,58.62
4717,2024-05-31,Wireless Mouse,Electronics,South,5.0,15.37,79.8
4715,2024-05-31,USB-C Charger,Electronics,North,4.0,12.6,50.4
4719,2024-05-31,Yoga Mat,Sports,South,7.0,21.3,149.1
4721,2024-06-01,Winter Jacket,Clothing,South,2.0,91.7,183.4
4720,2024-06-01,Shampoo,Beauty,South,1.0,9.87,9.87
4726,2024-06-02,Mechanical Keyboard,Electronics,North,6.0,61.59,369.54
4722,2024-06-02,Yoga Mat,Sports,East,4.0,20.17,80.68
4723,2024-06-02,Shampoo,Beauty,West,7.0,10.3,72.1
4724,2024-06-02,Bed Sheet Set,Home & Kitchen,East,2.0,28.35,56.7
4725,2024-06-02,Yoga Mat,Sports,South,6.0,20.69,121.86
4727,2024-06-03,Cotton T-Shirt,Clothing,North,6.0,13.84,83.04
4737,2024-06-04,Winter Jacket,Clothing,North,1.0,78.28,78.28
4731,2024-06-04,Mechanical Keyboard,Electronics,West,4.0,52.52,210.08
4734,2024-06-04,USB-C Charger,Electronics,West,5.0,11.91,59.55
4729,2024-06-04,Non-Stick Pan,Home & Kitchen,Unknown,7.0,26.44,185.08
4733,2024-06-04,Coffee Maker,Home & Kitchen,North,6.0,48.91,293.46
4728,2024-06-04,Bluetooth Speaker,Electronics,Unknown,1.0,33.88,33.88
4732,2024-06-04,Bluetooth Speaker,Electronics,North,7.0,33.71,235.97
4735,2024-06-04,Coffee Maker,Home & Kitchen,East,5.0,49.07,245.35
4730,2024-06-04,Cricket Bat,Sports,East,2.0,49.96,99.92
4736,2024-06-04,Winter Jacket,Clothing,Unknown,1.0,77.53,77.53
4738,2024-06-05,Coffee Maker,Home & Kitchen,West,5.0,48.42,242.1
4739,2024-06-05,Mechanical Keyboard,Electronics,South,3.0,52.87,158.61
4740,2024-06-05,Wireless Mouse,Electronics,West,5.0,16.38,81.9
4746,2024-06-06,Yoga Mat,Sports,South,4.0,18.85,37.7
4744,2024-06-06,Winter Jacket,Clothing,West,2.0,78.05,156.1
4743,2024-06-06,Non-Stick Pan,Home & Kitchen,West,7.0,23.86,167.02
4745,2024-06-06,USB-C Charger,Electronics,West,4.0,12.41,49.64
4742,2024-06-06,Coffee Maker,Home & Kitchen,West,5.0,55.45,277.25
4741,2024-06-06,Shampoo,Beauty,North,6.0,9.87,59.22
4748,2024-06-06,Shampoo,Beauty,South,2.0,11.19,22.38
4747,2024-06-06,Wireless Mouse,Electronics,West,4.0,15.93,63.72
4750,2024-06-07,Mechanical Keyboard,Electronics,West,4.0,51.11,204.44
4749,2024-06-07,Mechanical Keyboard,Electronics,West,5.0,52.05,260.25
4751,2024-06-08,Denim Jeans,Clothing,North,3.0,37.1,111.3
4754,2024-06-09,Winter Jacket,Clothing,Unknown,5.0,77.68,388.40000000000003
4755,2024-06-09,Cricket Bat,Sports,South,6.0,47.74,286.44
4753,2024-06-09,Coffee Maker,Home & Kitchen,East,7.0,47.41,331.87
4756,2024-06-09,Denim Jeans,Clothing,West,2.0,41.84,83.68
4752,2024-06-09,USB-C Charger,Electronics,South,3.0,11.98,35.94
4757,2024-06-10,Non-Stick Pan,Home & Kitchen,South,4.0,22.85,91.4
4758,2024-06-10,Face Moisturizer,Beauty,East,5.0,19.72,98.6
4759,2024-06-10,Winter Jacket,Clothing,North,2.0,82.67,165.34
4760,2024-06-10,Face Moisturizer,Beauty,North,1.0,20.23,20.23
4762,2024-06-11,Bed Sheet Set,Home & Kitchen,West,6.0,28.15,168.9
4761,2024-06-11,Denim Jeans,Clothing,South,1.0,45.16,45.16
4763,2024-06-11,Cricket Bat,Sports,South,3.0,50.99,152.97
4765,2024-06-12,Running Shoes,Sports,West,7.0,56.82,397.74
4764,2024-06-12,Mechanical Keyboard,Electronics,North,7.0,53.78,376.46
4766,2024-06-13,Running Shoes,Sports,South,2.0,57.72,115.44
4767,2024-06-13,Non-Stick Pan,Home & Kitchen,West,7.0,25.36,177.52
4770,2024-06-14,Face Moisturizer,Beauty,North,2.0,19.46,38.92
4769,2024-06-14,Non-Stick Pan,Home & Kitchen,East,4.0,27.32,109.28
4768,2024-06-14,Face Moisturizer,Beauty,West,1.0,20.13,20.13
4771,2024-06-15,Shampoo,Beauty,North,1.0,9.1,9.1
4775,2024-06-16,Shampoo,Beauty,North,3.0,11.34,34.02
4777,2024-06-16,Wireless Mouse,Electronics,North,3.0,14.95,44.85
4773,2024-06-16,Denim Jeans,Clothing,East,7.0,42.8,299.6
4774,2024-06-16,Cotton T-Shirt,Clothing,South,1.0,14.49,14.49
4772,2024-06-16,Bluetooth Speaker,Electronics,East,5.0,35.94,195.5
4776,2024-06-16,Bed Sheet Set,Home & Kitchen,South,3.0,34.17,102.51
4782,2024-06-17,Coffee Maker,Home & Kitchen,South,5.0,45.47,227.35
4778,2024-06-17,Bluetooth Speaker,Electronics,East,6.0,33.34,200.04
4779,2024-06-17,Bluetooth Speaker,Electronics,North,3.0,40.03,120.09
4783,2024-06-17,Cricket Bat,Sports,North,5.0,44.36,221.8
4780,2024-06-17,Cricket Bat,Sports,South,7.0,43.04,301.28
4781,2024-06-17,Running Shoes,Sports,South,3.0,62.09,204.33
4784,2024-06-18,Cricket Bat,Sports,South,4.0,47.14,188.56
4785,2024-06-18,Cricket Bat,Sports,West,4.0,43.8,175.2
4790,2024-06-19,Non-Stick Pan,Home & Kitchen,East,2.0,27.11,54.22
4787,2024-06-19,Cotton T-Shirt,Clothing,North,1.0,15.2,15.2
4788,2024-06-19,Mechanical Keyboard,Electronics,North,7.0,53.2,372.4
4792,2024-06-19,Wireless Mouse,Electronics,Unknown,4.0,14.42,57.68
4786,2024-06-19,Denim Jeans,Clothing,West,2.0,44.91,89.82
4791,2024-06-19,Mechanical Keyboard,Electronics,West,3.0,52.58,157.74
4789,2024-06-19,Bluetooth Speaker,Electronics,North,4.0,35.3,141.2
4793,2024-06-20,Non-Stick Pan,Home & Kitchen,East,3.0,26.97,80.91
4796,2024-06-20,Face Moisturizer,Beauty,East,1.0,20.08,20.08
4795,2024-06-20,USB-C Charger,Electronics,South,5.0,12.31,61.55
4794,2024-06-20,Mechanical Keyboard,Electronics,North,1.0,61.77,61.77
4798,2024-06-21,Coffee Maker,Home & Kitchen,West,2.0,54.26,108.52
4797,2024-06-21,Running Shoes,Sports,North,2.0,64.98,129.96
4800,2024-06-22,Non-Stick Pan,Home & Kitchen,East,1.0,23.75,23.75
4799,2024-06-22,Wireless Mouse,Electronics,North,2.0,14.94,29.88
4801,2024-06-23,Coffee Maker,Home & Kitchen,West,1.0,55.24,55.24
4802,2024-06-23,Cotton T-Shirt,Clothing,North,4.0,13.78,55.12
4805,2024-06-24,USB-C Charger,Electronics,South,4.0,12.41,49.64
4806,2024-06-24,Mechanical Keyboard,Electronics,Unknown,5.0,62.14,310.7
4804,2024-06-24,Winter Jacket,Clothing,West,4.0,87.81,351.24
4803,2024-06-24,Bluetooth Speaker,Electronics,East,1.0,36.44,36.44
4807,2024-06-25,Yoga Mat,Sports,West,1.0,19.03,19.03
4811,2024-06-26,Wireless Mouse,Electronics,West,4.0,16.26,65.04
4810,2024-06-26,Mechanical Keyboard,Electronics,West,7.0,52.89,370.23
4809,2024-06-26,Cricket Bat,Sports,East,2.0,47.31,94.62
4808,2024-06-26,Bluetooth Speaker,Electronics,South,4.0,39.75,159.0
4815,2024-06-27,Yoga Mat,Sports,North,3.0,22.72,68.16
4816,2024-06-27,Yoga Mat,Sports,West,5.0,21.44,107.2
4812,2024-06-27,Face Moisturizer,Beauty,South,6.0,17.23,103.38
4814,2024-06-27,Cotton T-Shirt,Clothing,South,6.0,14.95,89.7
4817,2024-06-27,Coffee Maker,Home & Kitchen,West,3.0,47.78,143.34
4813,2024-06-27,Coffee Maker,Home & Kitchen,West,3.0,46.59,139.77
4826,2024-06-28,Bed Sheet Set,Home & Kitchen,West,6.0,27.32,163.92
4822,2024-06-28,Shampoo,Beauty,East,4.0,10.52,42.08
4818,2024-06-28,Bluetooth Speaker,Electronics,East,5.0,34.41,172.05
4819,2024-06-28,Running Shoes,Sports,South,7.0,67.34,415.275
4824,2024-06-28,Running Shoes,Sports,North,3.0,66.64,199.92
4823,2024-06-28,Running Shoes,Sports,North,6.0,62.09,362.82
4820,2024-06-28,USB-C Charger,Electronics,South,6.0,12.82,76.92
4825,2024-06-28,Bluetooth Speaker,Electronics,North,7.0,35.81,250.67
4821,2024-06-28,Mechanical Keyboard,Electronics,West,4.0,60.07,240.28
4829,2024-06-29,Non-Stick Pan,Home & Kitchen,North,7.0,26.0,182.0
4830,2024-06-29,Cotton T-Shirt,Clothing,North,3.0,15.67,47.01
4831,2024-06-29,Non-Stick Pan,Home & Kitchen,North,6.0,25.92,155.52
4827,2024-06-29,Running Shoes,Sports,South,7.0,61.66,415.275
4828,2024-06-29,Bluetooth Speaker,Electronics,North,7.0,35.46,248.22
4832,2024-06-30,Denim Jeans,Clothing,South,2.0,38.51,77.02
4833,2024-06-30,Coffee Maker,Home & Kitchen,South,5.0,47.47,237.35
4839,2024-07-01,Mechanical Keyboard,Electronics,South,2.0,50.87,101.74
4838,2024-07-01,Shampoo,Beauty,West,5.0,9.45,47.25
4834,2024-07-01,Wireless Mouse,Electronics,North,3.0,14.14,42.42
4835,2024-07-01,USB-C Charger,Electronics,South,4.0,10.99,43.96
4837,2024-07-01,Wireless Mouse,Electronics,East,1.0,16.08,16.08
4836,2024-07-01,Winter Jacket,Clothing,North,3.0,88.6,265.8
4843,2024-07-02,Non-Stick Pan,Home & Kitchen,East,2.0,24.39,48.78
4844,2024-07-02,USB-C Charger,Electronics,North,2.0,12.73,25.46
4842,2024-07-02,Winter Jacket,Clothing,North,7.0,89.38,415.275
4840,2024-07-02,Bed Sheet Set,Home & Kitchen,East,3.0,32.46,97.38
4841,2024-07-02,Denim Jeans,Clothing,Unknown,1.0,44.07,44.07
4847,2024-07-03,Face Moisturizer,Beauty,East,4.0,16.98,67.92
4845,2024-07-03,Bluetooth Speaker,Electronics,East,7.0,35.47,248.29
4846,2024-07-03,Bluetooth Speaker,Electronics,East,4.0,32.23,128.92
4848,2024-07-04,Cricket Bat,Sports,West,2.0,45.43,90.86
4849,2024-07-05,USB-C Charger,Electronics,East,4.0,11.52,57.6
4851,2024-07-06,Cricket Bat,Sports,West,4.0,43.04,172.16
4850,2024-07-06,Denim Jeans,Clothing,North,1.0,39.65,39.65
4852,2024-07-07,Cricket Bat,Sports,South,6.0,43.63,261.78
4854,2024-07-08,Winter Jacket,Clothing,West,4.0,76.9,415.275
4853,2024-07-08,Cotton T-Shirt,Clothing,East,1.0,15.26,15.26
4855,2024-07-09,Mechanical Keyboard,Electronics,East,2.0,52.61,105.22
4856,2024-07-09,USB-C Charger,Electronics,South,6.0,12.77,76.62
4857,2024-07-10,Shampoo,Beauty,East,5.0,9.47,47.35
4858,2024-07-10,Denim Jeans,Clothing,East,5.0,38.26,191.3
4862,2024-07-10,Mechanical Keyboard,Electronics,South,5.0,60.87,304.35
4860,2024-07-10,Wireless Mouse,Electronics,South,3.0,16.37,49.11
4859,2024-07-10,Bed Sheet Set,Home & Kitchen,South,4.0,30.56,122.24
4861,2024-07-10,Mechanical Keyboard,Electronics,North,3.0,55.95,167.85
4865,2024-07-11,Wireless Mouse,Electronics,West,2.0,17.07,34.14
4864,2024-07-11,Denim Jeans,Clothing,South,6.0,37.91,227.46
4863,2024-07-11,Bed Sheet Set,Home & Kitchen,South,6.0,27.84,167.04
4868,2024-07-12,Mechanical Keyboard,Electronics,North,4.0,51.15,204.6
4869,2024-07-12,Face Moisturizer,Beauty,North,3.0,19.3,57.9
4867,2024-07-12,Non-Stick Pan,Home & Kitchen,Unknown,6.0,27.62,165.72
4870,2024-07-12,Wireless Mouse,Electronics,North,4.0,16.36,65.44
4866,2024-07-12,Cricket Bat,Sports,North,6.0,40.81,244.86
4871,2024-07-12,Mechanical Keyboard,Electronics,South,7.0,50.57,353.99
4873,2024-07-13,Yoga Mat,Sports,Unknown,7.0,19.58,137.06
4875,2024-07-13,USB-C Charger,Electronics,North,3.0,10.94,32.82
4874,2024-07-13,Face Moisturizer,Beauty,North,2.0,16.77,33.54
4872,2024-07-13,Wireless Mouse,Electronics,North,7.0,14.47,101.29
4876,2024-07-13,Bluetooth Speaker,Electronics,East,2.0,34.89,69.78
4878,2024-07-14,Bluetooth Speaker,Electronics,West,1.0,33.04,33.04
4877,2024-07-14,Non-Stick Pan,Home & Kitchen,West,5.0,25.77,128.85
4879,2024-07-14,USB-C Charger,Electronics,East,4.0,11.63,46.52
4880,2024-07-14,Wireless Mouse,Electronics,South,7.0,14.08,98.56
4882,2024-07-14,Shampoo,Beauty,North,6.0,10.4,62.4
4881,2024-07-14,Mechanical Keyboard,Electronics,East,1.0,57.09,57.09
4884,2024-07-15,Cricket Bat,Sports,East,7.0,43.07,301.49
4888,2024-07-15,Non-Stick Pan,Home & Kitchen,North,5.0,24.27,121.35
4883,2024-07-15,Winter Jacket,Clothing,West,6.0,82.44,415.275
4886,2024-07-15,Running Shoes,Sports,East,3.0,62.2,186.6
4885,2024-07-15,Bluetooth Speaker,Electronics,North,1.0,38.46,38.46
4887,2024-07-15,Coffee Maker,Home & Kitchen,North,3.0,51.69,155.07
4890,2024-07-16,Face Moisturizer,Beauty,North,7.0,18.244999999999997,143.99
4891,2024-07-16,Denim Jeans,Clothing,West,4.0,36.48,145.92
4889,2024-07-16,Denim Jeans,Clothing,South,4.0,44.66,178.64
4893,2024-07-17,Bluetooth Speaker,Electronics,West,2.0,39.92,79.84
4892,2024-07-17,Cricket Bat,Sports,North,4.0,45.72,182.88
4895,2024-07-17,Running Shoes,Sports,North,5.0,60.24,301.2
4894,2024-07-17,Bed Sheet Set,Home & Kitchen,North,6.0,30.29,181.74
4897,2024-07-18,Bluetooth Speaker,Electronics,West,3.0,36.02,108.06
4899,2024-07-18,Face Moisturizer,Beauty,South,2.0,19.72,39.44
4898,2024-07-18,Cricket Bat,Sports,North,1.0,47.37,47.37
4896,2024-07-18,Cotton T-Shirt,Clothing,South,1.0,14.86,14.86
4904,2024-07-19,Cotton T-Shirt,Clothing,West,6.0,15.84,95.04
4900,2024-07-19,Shampoo,Beauty,North,4.0,9.39,37.56
4903,2024-07-19,Yoga Mat,Sports,East,3.0,21.76,65.28
4901,2024-07-19,Face Moisturizer,Beauty,South,3.0,17.25,51.75
4905,2024-07-19,Mechanical Keyboard,Electronics,East,4.0,54.4,217.6
4902,2024-07-19,USB-C Charger,Electronics,South,2.0,11.99,23.98
4913,2024-07-20,Bed Sheet Set,Home & Kitchen,North,3.0,28.22,84.66
4908,2024-07-20,Bed Sheet Set,Home & Kitchen,West,6.0,34.22,205.32
4909,2024-07-20,Shampoo,Beauty,East,3.0,11.47,34.41
4911,2024-07-20,Cotton T-Shirt,Clothing,West,5.0,15.26,77.75
4912,2024-07-20,Mechanical Keyboard,Electronics,South,2.0,50.43,100.86
4914,2024-07-20,Non-Stick Pan,Home & Kitchen,South,1.0,24.31,24.31
4915,2024-07-20,Bluetooth Speaker,Electronics,East,1.0,33.54,33.54
4906,2024-07-20,Yoga Mat,Sports,South,4.0,22.47,89.88
4910,2024-07-20,Bluetooth Speaker,Electronics,North,1.0,34.84,34.84
4907,2024-07-20,Denim Jeans,Clothing,East,7.0,43.86,307.02
4916,2024-07-20,Winter Jacket,Clothing,East,4.0,82.11,81.7
4918,2024-07-21,Shampoo,Beauty,Unknown,2.0,10.6,21.2
4921,2024-07-21,Cotton T-Shirt,Clothing,West,7.0,14.83,103.81
4919,2024-07-21,Running Shoes,Sports,North,7.0,62.09,415.275
4917,2024-07-21,Yoga Mat,Sports,North,4.0,22.88,91.52
4920,2024-07-21,Face Moisturizer,Beauty,South,6.0,19.64,117.84
4923,2024-07-22,Winter Jacket,Clothing,East,4.0,75.34,415.275
4922,2024-07-22,Bluetooth Speaker,Electronics,East,2.0,37.8,75.6
4925,2024-07-23,Face Moisturizer,Beauty,South,6.0,18.89,113.34
4926,2024-07-23,Cricket Bat,Sports,East,2.0,46.27,92.54
4924,2024-07-23,Yoga Mat,Sports,North,2.0,22.59,45.18
4931,2024-07-24,USB-C Charger,Electronics,North,2.0,13.29,26.58
4932,2024-07-24,Bluetooth Speaker,Electronics,East,4.0,37.69,37.69
4927,2024-07-24,Shampoo,Beauty,South,5.0,9.01,45.05
4928,2024-07-24,Cotton T-Shirt,Clothing,West,5.0,15.28,76.4
4930,2024-07-24,Shampoo,Beauty,West,1.0,9.99,9.99
4929,2024-07-24,Winter Jacket,Clothing,West,6.0,81.75,415.275
4936,2024-07-25,Cotton T-Shirt,Clothing,North,3.0,16.07,48.21
4934,2024-07-25,Bed Sheet Set,Home & Kitchen,North,2.0,31.15,62.3
4933,2024-07-25,Running Shoes,Sports,North,1.0,61.83,61.83
4937,2024-07-25,Cricket Bat,Sports,East,1.0,46.11,46.11
4935,2024-07-25,Bluetooth Speaker,Electronics,North,3.0,34.69,104.07
4938,2024-07-25,Face Moisturizer,Beauty,South,7.0,20.4,142.8
4940,2024-07-26,Denim Jeans,Clothing,North,7.0,39.07,273.49
4939,2024-07-26,Non-Stick Pan,Home & Kitchen,South,7.0,23.28,162.96
4941,2024-07-26,Winter Jacket,Clothing,West,3.0,78.95,236.85
4942,2024-07-27,Denim Jeans,Clothing,South,2.0,43.91,87.82
4943,2024-07-28,Coffee Maker,Home & Kitchen,South,3.0,52.64,157.92
4944,2024-07-28,Winter Jacket,Clothing,West,4.0,90.24,360.96
4945,2024-07-29,Yoga Mat,Sports,East,5.0,21.62,108.1
4946,2024-07-30,Non-Stick Pan,Home & Kitchen,West,3.0,26.88,80.64
4947,2024-07-31,Bluetooth Speaker,Electronics,South,6.0,36.58,219.48
4949,2024-08-01,Denim Jeans,Clothing,West,2.0,38.01,76.02
4948,2024-08-01,Mechanical Keyboard,Electronics,South,3.0,53.78,161.34
4951,2024-08-02,Cotton T-Shirt,Clothing,Unknown,2.0,16.95,33.9
4950,2024-08-02,Cricket Bat,Sports,East,2.0,50.25,100.5
4952,2024-08-02,Bluetooth Speaker,Electronics,West,1.0,34.8,34.8
4954,2024-08-03,Yoga Mat,Sports,North,2.0,22.41,44.82
4955,2024-08-03,Yoga Mat,Sports,West,4.0,22.77,91.08
4958,2024-08-03,Mechanical Keyboard,Electronics,West,2.0,51.99,103.98
4959,2024-08-03,Coffee Maker,Home & Kitchen,West,2.0,49.29,98.58
4960,2024-08-03,USB-C Charger,Electronics,East,1.0,12.92,12.92
4953,2024-08-03,Denim Jeans,Clothing,South,4.0,36.7,146.8
4956,2024-08-03,Cotton T-Shirt,Clothing,West,2.0,13.83,27.66
4957,2024-08-03,Mechanical Keyboard,Electronics,North,7.0,59.44,415.275
4963,2024-08-04,Yoga Mat,Sports,East,3.0,22.69,68.07
4961,2024-08-04,Bed Sheet Set,Home & Kitchen,East,5.0,27.44,137.2
4964,2024-08-04,Denim Jeans,Clothing,North,5.0,42.48,212.4
4962,2024-08-04,Shampoo,Beauty,East,1.0,9.59,9.59
4965,2024-08-05,Cricket Bat,Sports,North,7.0,48.65,340.55
4966,2024-08-05,Non-Stick Pan,Home & Kitchen,North,6.0,25.8,154.8
4968,2024-08-05,Mechanical Keyboard,Electronics,East,1.0,60.73,60.73
4967,2024-08-05,Denim Jeans,Clothing,North,7.0,40.64,284.48
4969,2024-08-06,Face Moisturizer,Beauty,East,4.0,16.79,16.79
4971,2024-08-07,Non-Stick Pan,Home & Kitchen,South,6.0,23.45,140.7
4970,2024-08-07,Coffee Maker,Home & Kitchen,West,1.0,50.7,50.7
4973,2024-08-07,Yoga Mat,Sports,South,6.0,21.49,128.94
4972,2024-08-07,Running Shoes,Sports,West,7.0,62.02,415.275
4978,2024-08-08,Cricket Bat,Sports,West,5.0,46.43,232.15
4977,2024-08-08,Bed Sheet Set,Home & Kitchen,North,4.0,32.54,130.16
4974,2024-08-08,Shampoo,Beauty,South,2.0,10.23,20.46
4976,2024-08-08,Denim Jeans,Clothing,North,4.0,44.05,176.2
4975,2024-08-08,Bed Sheet Set,Home & Kitchen,North,3.0,34.04,102.12
4979,2024-08-09,Yoga Mat,Sports,West,6.0,18.61,111.66
4980,2024-08-09,USB-C Charger,Electronics,North,7.0,11.26,78.82
4983,2024-08-10,Non-Stick Pan,Home & Kitchen,South,2.0,28.19,56.38
4982,2024-08-10,USB-C Charger,Electronics,North,4.0,13.18,52.72
4984,2024-08-10,Wireless Mouse,Electronics,North,2.0,15.57,31.14
4981,2024-08-10,Mechanical Keyboard,Electronics,West,1.0,50.88,50.88
4985,2024-08-11,Running Shoes,Sports,South,4.0,55.67,222.68
4986,2024-08-12,Non-Stick Pan,Home & Kitchen,South,3.0,24.88,74.64
4987,2024-08-13,Cotton T-Shirt,Clothing,South,4.0,14.59,43.77
4989,2024-08-14,Bed Sheet Set,Home & Kitchen,West,2.0,28.58,57.16
4988,2024-08-14,Face Moisturizer,Beauty,East,2.0,16.71,33.42
4990,2024-08-14,Winter Jacket,Clothing,South,7.0,84.78,415.275
4991,2024-08-15,Cricket Bat,Sports,South,2.0,45.4,90.8
4992,2024-08-15,Denim Jeans,Clothing,West,4.0,45.27,181.08
4994,2024-08-15,Bluetooth Speaker,Electronics,North,3.0,34.45,103.35
4993,2024-08-15,USB-C Charger,Electronics,North,3.0,12.19,36.57
4997,2024-08-15,USB-C Charger,Electronics,North,5.0,12.02,60.1
4998,2024-08-15,Coffee Maker,Home & Kitchen,West,4.0,52.92,211.68
4996,2024-08-15,Coffee Maker,Home & Kitchen,West,1.0,46.41,46.41
4995,2024-08-15,USB-C Charger,Electronics,West,6.0,12.32,66.78
5001,2024-08-16,Cotton T-Shirt,Clothing,South,6.0,14.23,85.38
4999,2024-08-16,Bluetooth Speaker,Electronics,North,4.0,34.02,136.08
5000,2024-08-16,Bed Sheet Set,Home & Kitchen,North,7.0,31.33,219.31
5002,2024-08-17,Running Shoes,Sports,North,7.0,57.6,403.2
5005,2024-08-18,Bluetooth Speaker,Electronics,West,7.0,36.26,253.82
5003,2024-08-18,Face Moisturizer,Beauty,West,5.0,17.51,87.55
5004,2024-08-18,Yoga Mat,Sports,West,2.0,20.24,40.48
5006,2024-08-18,Mechanical Keyboard,Electronics,North,2.0,55.86,111.72
5008,2024-08-19,Cotton T-Shirt,Clothing,South,2.0,16.74,33.48
5009,2024-08-19,Winter Jacket,Clothing,West,3.0,83.81,251.43
5010,2024-08-19,Non-Stick Pan,Home & Kitchen,South,6.0,27.26,163.56
5007,2024-08-19,Running Shoes,Sports,West,7.0,58.58,410.06
5013,2024-08-20,Non-Stick Pan,Home & Kitchen,West,2.0,26.92,53.84
5011,2024-08-20,USB-C Charger,Electronics,South,1.0,13.15,13.15
5012,2024-08-20,Mechanical Keyboard,Electronics,West,6.0,53.5,321.0
5015,2024-08-21,Mechanical Keyboard,Electronics,East,1.0,62.56,62.56
5014,2024-08-21,Wireless Mouse,Electronics,South,7.0,15.22,106.54
5016,2024-08-21,Yoga Mat,Sports,East,3.0,20.75,62.25
5017,2024-08-22,Face Moisturizer,Beauty,West,4.0,16.29,65.16
5018,2024-08-22,Mechanical Keyboard,Electronics,West,2.0,59.65,119.3
5019,2024-08-23,Cotton T-Shirt,Clothing,East,1.0,15.52,15.52
5023,2024-08-24,Mechanical Keyboard,Electronics,West,4.0,62.55,415.275
5021,2024-08-24,Winter Jacket,Clothing,East,3.0,81.5,244.5
5020,2024-08-24,Bluetooth Speaker,Electronics,South,2.0,38.36,76.72
5022,2024-08-24,Mechanical Keyboard,Electronics,East,5.0,53.03,265.15
5025,2024-08-25,Bed Sheet Set,Home & Kitchen,East,5.0,33.28,166.4
5024,2024-08-25,Shampoo,Beauty,West,7.0,10.18,71.26
5026,2024-08-26,Bluetooth Speaker,Electronics,East,1.0,37.32,37.32
5027,2024-08-26,USB-C Charger,Electronics,South,1.0,13.31,13.31
5028,2024-08-27,Cricket Bat,Sports,South,1.0,43.79,43.79
5029,2024-08-27,Winter Jacket,Clothing,North,4.0,74.72,298.88
5032,2024-08-28,Winter Jacket,Clothing,East,1.0,74.04,74.04
5031,2024-08-28,Denim Jeans,Clothing,North,1.0,44.98,44.98
5030,2024-08-28,Bluetooth Speaker,Electronics,South,7.0,38.25,267.75
5033,2024-08-29,Mechanical Keyboard,Electronics,South,7.0,54.89,384.23
5036,2024-08-29,Cricket Bat,Sports,West,2.0,45.66,91.32
5034,2024-08-29,Shampoo,Beauty,West,4.0,9.81,39.24
5035,2024-08-29,Non-Stick Pan,Home & Kitchen,West,2.0,24.1,48.2
5038,2024-08-30,Face Moisturizer,Beauty,East,1.0,16.75,16.75
5037,2024-08-30,USB-C Charger,Electronics,West,3.0,13.41,40.23
5039,2024-08-31,Mechanical Keyboard,Electronics,East,6.0,59.07,354.42
5040,2024-08-31,Coffee Maker,Home & Kitchen,East,1.0,48.89,48.89
5041,2024-08-31,Winter Jacket,Clothing,West,5.0,73.07,365.35
5047,2024-09-01,Bluetooth Speaker,Electronics,North,5.0,32.62,163.1
5045,2024-09-01,Winter Jacket,Clothing,West,5.0,77.16,385.8
5042,2024-09-01,USB-C Charger,Electronics,West,6.0,11.89,71.34
5044,2024-09-01,Running Shoes,Sports,West,3.0,66.19,198.57
5043,2024-09-01,Winter Jacket,Clothing,South,4.0,83.49,333.96
5046,2024-09-01,Bed Sheet Set,Home & Kitchen,West,4.0,33.47,167.35
5051,2024-09-02,Wireless Mouse,Electronics,South,2.0,14.09,28.18
5053,2024-09-02,Denim Jeans,Clothing,North,1.0,40.58,40.58
5050,2024-09-02,Wireless Mouse,Electronics,West,2.0,15.59,31.18
5055,2024-09-02,USB-C Charger,Electronics,South,4.0,12.56,50.24
5054,2024-09-02,Coffee Maker,Home & Kitchen,South,3.0,51.28,170.13
5052,2024-09-02,Winter Jacket,Clothing,East,4.0,74.78,299.12
5048,2024-09-02,Winter Jacket,Clothing,North,7.0,77.97,415.275
5049,2024-09-02,USB-C Charger,Electronics,South,4.0,13.12,39.36
5057,2024-09-03,Yoga Mat,Sports,East,6.0,22.37,134.22
5056,2024-09-03,Coffee Maker,Home & Kitchen,South,7.0,45.55,318.85
5060,2024-09-04,USB-C Charger,Electronics,North,7.0,11.74,82.18
5058,2024-09-04,Denim Jeans,Clothing,West,4.0,36.1,144.4
5059,2024-09-04,Cotton T-Shirt,Clothing,North,4.0,16.82,84.1
5061,2024-09-05,Bed Sheet Set,Home & Kitchen,South,3.0,28.0,84.0
5062,2024-09-05,Wireless Mouse,Electronics,North,5.0,13.64,68.2
5066,2024-09-06,Bed Sheet Set,Home & Kitchen,West,5.0,34.0,170.0
5064,2024-09-06,Cotton T-Shirt,Clothing,East,4.0,17.18,68.72
5063,2024-09-06,Mechanical Keyboard,Electronics,East,6.0,56.79,340.74
5065,2024-09-06,Mechanical Keyboard,Electronics,West,2.0,56.24,112.48
5067,2024-09-07,Wireless Mouse,Electronics,South,4.0,15.23,60.92
5068,2024-09-08,Bluetooth Speaker,Electronics,North,7.0,38.82,271.74
5069,2024-09-09,Wireless Mouse,Electronics,South,5.0,16.98,84.9
5070,2024-09-09,Bluetooth Speaker,Electronics,West,6.0,36.31,217.86
5071,2024-09-09,Bed Sheet Set,Home & Kitchen,North,4.0,28.16,140.8
5074,2024-09-10,Cotton T-Shirt,Clothing,North,4.0,15.62,62.48
5073,2024-09-10,Wireless Mouse,Electronics,North,5.0,13.62,68.1
5072,2024-09-10,Coffee Maker,Home & Kitchen,West,2.0,46.79,93.58
5077,2024-09-11,Bed Sheet Set,Home & Kitchen,South,5.0,34.11,170.55
5078,2024-09-11,Shampoo,Beauty,West,5.0,9.7,48.5
5075,2024-09-11,Yoga Mat,Sports,West,2.0,20.73,41.46
5076,2024-09-11,Mechanical Keyboard,Electronics,South,6.0,62.37,374.22
5079,2024-09-12,Winter Jacket,Clothing,South,4.0,82.76,331.04
5080,2024-09-12,Coffee Maker,Home & Kitchen,North,2.0,53.96,107.92
5082,2024-09-13,Coffee Maker,Home & Kitchen,South,3.0,52.5,157.5
5081,2024-09-13,Coffee Maker,Home & Kitchen,Unknown,4.0,51.81,207.24
5085,2024-09-14,Yoga Mat,Sports,West,1.0,21.29,21.29
5084,2024-09-14,Yoga Mat,Sports,North,4.0,18.33,73.32
5083,2024-09-14,Coffee Maker,Home & Kitchen,East,2.0,55.7,111.4
5088,2024-09-15,Face Moisturizer,Beauty,West,2.0,16.68,33.36
5091,2024-09-15,USB-C Charger,Electronics,East,4.0,12.22,48.88
5089,2024-09-15,Cricket Bat,Sports,East,4.0,48.57,194.28
5086,2024-09-15,Yoga Mat,Sports,North,6.0,20.6,123.6
5087,2024-09-15,Cotton T-Shirt,Clothing,East,5.0,17.12,85.6
5090,2024-09-15,Running Shoes,Sports,East,3.0,68.48,205.44
5092,2024-09-16,Shampoo,Beauty,North,7.0,10.18,71.26
5093,2024-09-17,Bluetooth Speaker,Electronics,South,4.0,36.82,36.82
5094,2024-09-18,Cotton T-Shirt,Clothing,North,1.0,16.47,16.47
5096,2024-09-18,Mechanical Keyboard,Electronics,West,2.0,57.35,114.7
5095,2024-09-18,Bed Sheet Set,Home & Kitchen,North,7.0,33.15,232.05
5097,2024-09-19,USB-C Charger,Electronics,South,2.0,12.91,25.82
5099,2024-09-20,Wireless Mouse,Electronics,South,4.0,16.54,66.16
5098,2024-09-20,Cricket Bat,Sports,West,4.0,48.94,195.76
5101,2024-09-20,USB-C Charger,Electronics,Unknown,5.0,10.91,54.55
5100,2024-09-20,Yoga Mat,Sports,South,4.0,18.15,72.6
5104,2024-09-21,Wireless Mouse,Electronics,West,1.0,16.22,16.22
5103,2024-09-21,Denim Jeans,Clothing,South,1.0,42.25,42.25
5105,2024-09-21,Running Shoes,Sports,North,4.0,68.95,275.8
5102,2024-09-21,Bluetooth Speaker,Electronics,East,4.0,40.21,160.84
5106,2024-09-22,Wireless Mouse,Electronics,West,1.0,16.65,16.65
5108,2024-09-23,USB-C Charger,Electronics,West,2.0,12.66,25.32
5110,2024-09-23,Non-Stick Pan,Home & Kitchen,West,6.0,25.09,150.54
5107,2024-09-23,Coffee Maker,Home & Kitchen,South,3.0,48.35,145.05
5111,2024-09-23,Running Shoes,Sports,South,4.0,62.35,249.4
5109,2024-09-23,Non-Stick Pan,Home & Kitchen,West,5.0,23.6,118.0
5113,2024-09-24,Yoga Mat,Sports,North,2.0,22.73,45.46
5112,2024-09-24,Running Shoes,Sports,Unknown,5.0,61.23,306.15
5114,2024-09-24,Denim Jeans,Clothing,East,7.0,44.69,312.83
5115,2024-09-25,Face Moisturizer,Beauty,West,3.0,20.04,60.12
5116,2024-09-25,Coffee Maker,Home & Kitchen,North,7.0,46.46,325.22
5118,2024-09-25,Shampoo,Beauty,South,6.0,11.0,66.0
5117,2024-09-25,Cricket Bat,Sports,North,1.0,49.26,49.26
5119,2024-09-26,Winter Jacket,Clothing,East,4.0,83.21,332.84
5120,2024-09-27,Bluetooth Speaker,Electronics,North,4.0,39.23,156.92
5123,2024-09-28,Bluetooth Speaker,Electronics,West,4.0,36.2,144.8
5122,2024-09-28,USB-C Charger,Electronics,West,4.0,12.32,49.28
5121,2024-09-28,Coffee Maker,Home & Kitchen,Unknown,1.0,45.18,45.18
5125,2024-09-29,Bed Sheet Set,Home & Kitchen,South,6.0,30.68,167.04
5124,2024-09-29,Cricket Bat,Sports,East,1.0,50.71,50.71
5127,2024-09-30,Wireless Mouse,Electronics,North,3.0,17.12,51.36
5126,2024-09-30,Wireless Mouse,Electronics,South,3.0,15.19,45.57
5128,2024-10-01,Face Moisturizer,Beauty,North,1.0,17.8,17.8
5129,2024-10-02,Non-Stick Pan,Home & Kitchen,East,3.0,22.85,68.55
5130,2024-10-02,Bed Sheet Set,Home & Kitchen,East,2.0,28.48,56.96
5132,2024-10-02,Coffee Maker,Home & Kitchen,East,2.0,50.27,100.54
5133,2024-10-02,Cotton T-Shirt,Clothing,East,2.0,14.36,28.72
5131,2024-10-02,Face Moisturizer,Beauty,West,4.0,17.67,70.68
5136,2024-10-03,Coffee Maker,Home & Kitchen,Unknown,1.0,46.97,46.97
5134,2024-10-03,Yoga Mat,Sports,South,5.0,22.99,114.95
5135,2024-10-03,Yoga Mat,Sports,East,7.0,22.3,156.1
5137,2024-10-03,Yoga Mat,Sports,East,4.0,18.18,72.72
5138,2024-10-04,Denim Jeans,Clothing,East,1.0,42.46,42.46
5139,2024-10-04,Non-Stick Pan,Home & Kitchen,North,1.0,24.21,24.21
5140,2024-10-04,Non-Stick Pan,Home & Kitchen,North,4.0,28.13,112.52
5141,2024-10-04,Wireless Mouse,Electronics,North,1.0,13.71,13.71
5146,2024-10-05,Bluetooth Speaker,Electronics,South,6.0,39.83,238.98
5145,2024-10-05,Coffee Maker,Home & Kitchen,South,4.0,52.53,367.71
5142,2024-10-05,Bed Sheet Set,Home & Kitchen,South,3.0,28.73,86.19
5147,2024-10-05,Running Shoes,Sports,North,6.0,62.62,375.72
5144,2024-10-05,Cotton T-Shirt,Clothing,Unknown,3.0,15.11,45.33
5148,2024-10-05,Cotton T-Shirt,Clothing,West,6.0,14.78,88.68
5143,2024-10-05,Face Moisturizer,Beauty,North,1.0,20.55,20.55
5149,2024-10-06,Yoga Mat,Sports,East,4.0,21.57,86.28
5153,2024-10-06,Wireless Mouse,Electronics,North,5.0,15.53,77.65
5152,2024-10-06,Denim Jeans,Clothing,Unknown,7.0,36.6,256.2
5150,2024-10-06,Bluetooth Speaker,Electronics,West,7.0,37.68,263.76
5154,2024-10-06,Yoga Mat,Sports,South,4.0,18.85,75.4
5151,2024-10-06,Bluetooth Speaker,Electronics,South,4.0,37.93,151.72
5155,2024-10-07,Wireless Mouse,Electronics,North,2.0,13.69,27.38
5156,2024-10-07,Yoga Mat,Sports,East,4.0,19.62,19.62
5158,2024-10-07,Cotton T-Shirt,Clothing,East,7.0,16.08,112.56
5157,2024-10-07,Winter Jacket,Clothing,East,1.0,86.39,86.39
5162,2024-10-08,Winter Jacket,Clothing,North,3.0,89.68,269.04
5159,2024-10-08,USB-C Charger,Electronics,West,5.0,11.81,59.05
5161,2024-10-08,Shampoo,Beauty,South,6.0,9.43,56.58
5160,2024-10-08,Yoga Mat,Sports,South,1.0,22.66,22.66
5165,2024-10-09,Running Shoes,Sports,West,4.0,57.47,229.88
5167,2024-10-09,Non-Stick Pan,Home & Kitchen,North,2.0,24.46,48.92
5163,2024-10-09,Denim Jeans,Clothing,Unknown,3.0,36.36,109.08
5169,2024-10-09,Cricket Bat,Sports,North,4.0,50.43,201.72
5164,2024-10-09,Cotton T-Shirt,Clothing,South,2.0,14.23,28.46
5166,2024-10-09,Wireless Mouse,Electronics,West,2.0,14.45,28.9
5168,2024-10-09,Face Moisturizer,Beauty,South,5.0,17.94,89.7
5170,2024-10-10,Cricket Bat,Sports,East,2.0,45.17,90.34
5171,2024-10-11,Wireless Mouse,Electronics,West,6.0,15.94,95.64
5172,2024-10-11,Winter Jacket,Clothing,North,2.0,86.58,173.16
5173,2024-10-12,Cricket Bat,Sports,East,4.0,50.22,200.88
5175,2024-10-12,Cotton T-Shirt,Clothing,South,1.0,16.97,16.97
5177,2024-10-12,Mechanical Keyboard,Electronics,West,5.0,54.58,272.9
5179,2024-10-12,Winter Jacket,Clothing,West,7.0,78.9,415.275
5176,2024-10-12,Running Shoes,Sports,North,7.0,68.55,415.275
5174,2024-10-12,Running Shoes,Sports,South,1.0,56.8,56.8
5178,2024-10-12,Winter Jacket,Clothing,South,3.0,86.64,259.92
5180,2024-10-13,Bed Sheet Set,Home & Kitchen,South,4.0,30.13,210.91
5181,2024-10-13,Wireless Mouse,Electronics,South,5.0,16.84,84.2
5184,2024-10-14,Wireless Mouse,Electronics,East,2.0,13.56,27.12
5183,2024-10-14,Cricket Bat,Sports,West,1.0,46.57,40.87
5182,2024-10-14,Denim Jeans,Clothing,South,7.0,44.43,311.01
5185,2024-10-15,Bluetooth Speaker,Electronics,North,5.0,34.39,171.95
5187,2024-10-15,Denim Jeans,Clothing,North,6.0,36.25,217.5
5186,2024-10-15,USB-C Charger,Electronics,South,1.0,12.06,12.06
5190,2024-10-16,Non-Stick Pan,Home & Kitchen,West,3.0,24.66,73.98
5191,2024-10-16,Non-Stick Pan,Home & Kitchen,South,7.0,23.35,163.45
5188,2024-10-16,Coffee Maker,Home & Kitchen,South,5.0,51.45,257.25
5189,2024-10-16,Denim Jeans,Clothing,West,2.0,41.53,83.06
5194,2024-10-17,Face Moisturizer,Beauty,West,6.0,18.14,108.84
5192,2024-10-17,Winter Jacket,Clothing,West,6.0,91.48,415.275
5193,2024-10-17,Bluetooth Speaker,Electronics,East,2.0,34.88,69.76
5195,2024-10-18,Winter Jacket,Clothing,North,6.0,75.03,415.275
5197,2024-10-18,Non-Stick Pan,Home & Kitchen,North,1.0,25.66,25.66
5196,2024-10-18,Shampoo,Beauty,North,2.0,10.77,21.54
5198,2024-10-18,Yoga Mat,Sports,North,7.0,21.06,147.42
5201,2024-10-19,Non-Stick Pan,Home & Kitchen,North,3.0,27.79,83.37
5200,2024-10-19,Bluetooth Speaker,Electronics,North,6.0,33.86,203.16
5199,2024-10-19,Wireless Mouse,Electronics,West,2.0,13.79,27.58
5206,2024-10-20,Coffee Maker,Home & Kitchen,West,6.0,47.05,282.3
5202,2024-10-20,Denim Jeans,Clothing,South,6.0,43.04,258.24
5204,2024-10-20,Cricket Bat,Sports,West,2.0,42.26,84.52
5205,2024-10-20,Cotton T-Shirt,Clothing,North,4.0,17.02,68.08
5203,2024-10-20,Yoga Mat,Sports,East,7.0,19.55,136.85
5210,2024-10-21,Winter Jacket,Clothing,North,4.0,85.95,343.8
5208,2024-10-21,Mechanical Keyboard,Electronics,West,2.0,52.88,105.76
5207,2024-10-21,Running Shoes,Sports,East,3.0,68.83,206.49
5209,2024-10-21,USB-C Charger,Electronics,East,4.0,13.15,52.6
5211,2024-10-22,Running Shoes,Sports,West,4.0,61.87,247.48
5212,2024-10-23,Mechanical Keyboard,Electronics,West,6.0,60.71,364.26
5214,2024-10-23,USB-C Charger,Electronics,East,7.0,12.43,87.01
5213,2024-10-23,Bluetooth Speaker,Electronics,East,3.0,36.56,109.68
5215,2024-10-24,Bed Sheet Set,Home & Kitchen,West,2.0,29.85,59.7
5216,2024-10-24,Non-Stick Pan,Home & Kitchen,South,4.0,25.69,154.14
5217,2024-10-25,Cricket Bat,Sports,South,1.0,44.0,44.0
5218,2024-10-25,Cotton T-Shirt,Clothing,North,2.0,15.12,30.24
5219,2024-10-26,Face Moisturizer,Beauty,South,7.0,17.85,124.95
5221,2024-10-27,Mechanical Keyboard,Electronics,North,4.0,50.46,201.84
5222,2024-10-27,Coffee Maker,Home & Kitchen,North,6.0,50.5,303.0
5220,2024-10-27,Bluetooth Speaker,Electronics,West,7.0,36.68,256.76
5227,2024-10-28,Denim Jeans,Clothing,East,4.0,42.31,169.24
5228,2024-10-28,Winter Jacket,Clothing,East,6.0,88.71,415.275
5226,2024-10-28,Yoga Mat,Sports,South,3.0,22.61,67.83
5225,2024-10-28,Coffee Maker,Home & Kitchen,East,5.0,51.53,257.65
5223,2024-10-28,Denim Jeans,Clothing,North,7.0,36.37,254.59
5224,2024-10-28,Bed Sheet Set,Home & Kitchen,East,4.0,31.09,124.36
5229,2024-10-29,Cricket Bat,Sports,East,2.0,47.4,94.8
5230,2024-10-30,Cricket Bat,Sports,South,1.0,44.18,44.18
5235,2024-10-31,Mechanical Keyboard,Electronics,East,5.0,59.99,299.95
5234,2024-10-31,Cotton T-Shirt,Clothing,East,6.0,15.42,92.52
5233,2024-10-31,Shampoo,Beauty,East,2.0,10.6,21.2
5231,2024-10-31,Face Moisturizer,Beauty,West,7.0,17.92,125.44
5232,2024-10-31,Cotton T-Shirt,Clothing,South,5.0,16.94,84.7
5242,2024-11-01,Cricket Bat,Sports,South,7.0,44.6,312.2
5243,2024-11-01,Non-Stick Pan,Home & Kitchen,West,5.0,28.64,143.2
5244,2024-11-01,Non-Stick Pan,Home & Kitchen,North,4.0,26.58,106.32
5238,2024-11-01,Cotton T-Shirt,Clothing,East,1.0,15.47,15.47
5241,2024-11-01,Non-Stick Pan,Home & Kitchen,South,4.0,25.23,100.92
5237,2024-11-01,Cotton T-Shirt,Clothing,South,3.0,16.24,48.72
5239,2024-11-01,Yoga Mat,Sports,West,7.0,18.03,126.21
5240,2024-11-01,Running Shoes,Sports,South,1.0,59.62,59.62
5236,2024-11-01,Face Moisturizer,Beauty,South,6.0,17.2,103.2
5245,2024-11-02,Cotton T-Shirt,Clothing,North,2.0,13.72,27.44
5246,2024-11-02,Cricket Bat,Sports,East,6.0,48.19,289.14
5248,2024-11-03,Coffee Maker,Home & Kitchen,West,3.0,52.16,156.48
5249,2024-11-03,Coffee Maker,Home & Kitchen,West,5.0,52.15,260.75
5251,2024-11-03,Running Shoes,Sports,North,7.0,60.35,415.275
5247,2024-11-03,Yoga Mat,Sports,West,1.0,20.07,20.07
5252,2024-11-03,Coffee Maker,Home & Kitchen,East,4.0,52.17,208.68
5250,2024-11-03,Denim Jeans,Clothing,East,4.0,38.55,154.2
5256,2024-11-04,Yoga Mat,Sports,East,3.0,21.24,63.72
5255,2024-11-04,Wireless Mouse,Electronics,North,2.0,16.55,33.1
5254,2024-11-04,Bed Sheet Set,Home & Kitchen,East,4.0,30.86,123.44
5253,2024-11-04,Wireless Mouse,Electronics,South,7.0,13.58,95.06
5257,2024-11-05,Wireless Mouse,Electronics,East,5.0,13.58,67.9
5260,2024-11-05,Bluetooth Speaker,Electronics,East,1.0,36.03,36.03
5258,2024-11-05,Bed Sheet Set,Home & Kitchen,West,3.0,31.54,94.62
5262,2024-11-05,Denim Jeans,Clothing,East,6.0,43.49,260.94
5263,2024-11-05,Winter Jacket,Clothing,West,2.0,84.55,169.1
5259,2024-11-05,Winter Jacket,Clothing,South,7.0,83.3,415.275
5261,2024-11-05,Shampoo,Beauty,East,3.0,9.36,28.08
5268,2024-11-06,Non-Stick Pan,Home & Kitchen,Unknown,4.0,27.06,108.24
5270,2024-11-06,Coffee Maker,Home & Kitchen,South,4.0,47.19,188.76
5271,2024-11-06,Winter Jacket,Clothing,East,6.0,75.0,415.275
5267,2024-11-06,Bluetooth Speaker,Electronics,North,5.0,33.63,168.15
5264,2024-11-06,Yoga Mat,Sports,South,4.0,21.76,43.52
5265,2024-11-06,Winter Jacket,Clothing,South,7.0,90.61,415.275
5269,2024-11-06,Face Moisturizer,Beauty,West,1.0,19.43,19.43
5266,2024-11-06,Non-Stick Pan,Home & Kitchen,West,4.0,26.99,107.96
5272,2024-11-07,Cotton T-Shirt,Clothing,West,4.0,14.06,56.24
5274,2024-11-07,Denim Jeans,Clothing,South,6.0,45.74,274.44
5273,2024-11-07,Running Shoes,Sports,North,6.0,63.13,378.78
5276,2024-11-08,Non-Stick Pan,Home & Kitchen,South,4.0,24.84,99.36
5275,2024-11-08,Yoga Mat,Sports,East,1.0,21.46,21.46
5281,2024-11-08,Bed Sheet Set,Home & Kitchen,North,3.0,30.46,91.38
5279,2024-11-08,Cotton T-Shirt,Clothing,West,2.0,15.4,30.8
5278,2024-11-08,Bed Sheet Set,Home & Kitchen,North,6.0,27.24,163.44
5282,2024-11-08,Wireless Mouse,Electronics,North,4.0,15.38,61.52
5277,2024-11-08,Shampoo,Beauty,South,5.0,11.3,56.5
5280,2024-11-08,Cotton T-Shirt,Clothing,West,4.0,13.7,54.8
5283,2024-11-09,Coffee Maker,Home & Kitchen,North,1.0,55.96,55.96
5286,2024-11-09,Bed Sheet Set,Home & Kitchen,East,5.0,30.68,171.45
5290,2024-11-09,Coffee Maker,Home & Kitchen,North,2.0,53.5,107.0
5287,2024-11-09,Shampoo,Beauty,North,3.0,10.26,415.275
5289,2024-11-09,Yoga Mat,Sports,East,1.0,19.08,19.08
5285,2024-11-09,Non-Stick Pan,Home & Kitchen,East,2.0,25.56,51.12
5291,2024-11-09,Running Shoes,Sports,South,3.0,62.09,200.52
5288,2024-11-09,Yoga Mat,Sports,West,6.0,20.2,121.2
5284,2024-11-09,Bed Sheet Set,Home & Kitchen,South,4.0,31.59,189.54
5293,2024-11-10,Denim Jeans,Clothing,East,2.0,40.94,81.88
5292,2024-11-10,Non-Stick Pan,Home & Kitchen,East,7.0,26.9,188.3
5296,2024-11-10,Shampoo,Beauty,West,4.0,10.28,36.76
5295,2024-11-10,Yoga Mat,Sports,East,1.0,22.78,22.78
5299,2024-11-10,Cricket Bat,Sports,West,2.0,50.65,101.3
5297,2024-11-10,Winter Jacket,Clothing,South,2.0,82.11,157.44
5298,2024-11-10,Bed Sheet Set,Home & Kitchen,East,2.0,29.15,58.3
5294,2024-11-10,Face Moisturizer,Beauty,South,7.0,16.93,118.51
5306,2024-11-11,Running Shoes,Sports,West,4.0,54.47,217.88
5302,2024-11-11,Wireless Mouse,Electronics,East,1.0,15.49,15.49
5305,2024-11-11,Winter Jacket,Clothing,South,2.0,82.22,164.44
5301,2024-11-11,Bed Sheet Set,Home & Kitchen,North,4.0,31.39,125.56
5308,2024-11-11,Shampoo,Beauty,West,6.0,10.93,65.58
5303,2024-11-11,Coffee Maker,Home & Kitchen,West,3.0,55.22,165.66
5307,2024-11-11,Bluetooth Speaker,Electronics,East,4.0,39.44,157.76
5300,2024-11-11,Non-Stick Pan,Home & Kitchen,West,5.0,27.7,138.5
5304,2024-11-11,Yoga Mat,Sports,West,5.0,21.94,109.7
5311,2024-11-12,Shampoo,Beauty,South,6.0,10.7,64.2
5310,2024-11-12,Coffee Maker,Home & Kitchen,West,5.0,45.89,229.45
5309,2024-11-12,Cotton T-Shirt,Clothing,South,3.0,16.9,50.7
5312,2024-11-12,Face Moisturizer,Beauty,West,6.0,18.59,111.54
5316,2024-11-13,Wireless Mouse,Electronics,West,3.0,16.19,48.57
5318,2024-11-13,Cricket Bat,Sports,East,4.0,40.68,162.72
5317,2024-11-13,Cricket Bat,Sports,Unknown,5.0,48.0,240.0
5315,2024-11-13,Face Moisturizer,Beauty,South,2.0,17.9,35.8
5314,2024-11-13,Cricket Bat,Sports,North,6.0,50.4,302.4
5313,2024-11-13,Wireless Mouse,Electronics,East,7.0,14.57,101.99
5319,2024-11-13,Non-Stick Pan,Home & Kitchen,South,3.0,28.35,85.05
5328,2024-11-14,Bed Sheet Set,Home & Kitchen,East,7.0,27.6,193.2
5326,2024-11-14,Winter Jacket,Clothing,East,7.0,77.67,415.275
5321,2024-11-14,Denim Jeans,Clothing,East,4.0,39.41,157.64
5320,2024-11-14,Coffee Maker,Home & Kitchen,South,7.0,52.0,364.0
5322,2024-11-14,Shampoo,Beauty,West,2.0,10.56,21.12
5324,2024-11-14,Shampoo,Beauty,South,1.0,10.55,10.55
5323,2024-11-14,Wireless Mouse,Electronics,West,4.0,15.98,63.92
5325,2024-11-14,Running Shoes,Sports,West,5.0,58.28,291.4
5327,2024-11-14,Mechanical Keyboard,Electronics,North,1.0,62.79,62.79
5331,2024-11-15,Non-Stick Pan,Home & Kitchen,South,7.0,27.09,189.63
5330,2024-11-15,Cricket Bat,Sports,North,3.0,49.75,149.25
5329,2024-11-15,Denim Jeans,Clothing,East,6.0,40.51,243.06
5332,2024-11-15,Wireless Mouse,Electronics,South,2.0,16.97,33.94
5333,2024-11-16,USB-C Charger,Electronics,South,2.0,11.29,22.58
5334,2024-11-16,Cotton T-Shirt,Clothing,West,6.0,13.65,81.9
5336,2024-11-17,Yoga Mat,Sports,West,6.0,19.83,118.98
5335,2024-11-17,Running Shoes,Sports,South,3.0,56.09,168.27
5337,2024-11-17,Coffee Maker,Home & Kitchen,South,1.0,54.59,54.59
5338,2024-11-18,Yoga Mat,Sports,South,7.0,22.56,157.92
5342,2024-11-18,Shampoo,Beauty,East,3.0,9.74,29.22
5343,2024-11-18,Yoga Mat,Sports,West,2.0,22.69,45.38
5340,2024-11-18,USB-C Charger,Electronics,North,2.0,13.28,26.56
5344,2024-11-18,Non-Stick Pan,Home & Kitchen,West,3.0,27.66,82.98
5348,2024-11-18,Face Moisturizer,Beauty,North,4.0,17.69,70.76
5347,2024-11-18,Coffee Maker,Home & Kitchen,South,2.0,55.63,111.26
5339,2024-11-18,Face Moisturizer,Beauty,West,7.0,18.83,131.81
5341,2024-11-18,Coffee Maker,Home & Kitchen,West,4.0,47.96,191.84
5345,2024-11-18,Shampoo,Beauty,East,6.0,9.25,55.5
5346,2024-11-18,Face Moisturizer,Beauty,West,2.0,17.09,34.18
5351,2024-11-19,Winter Jacket,Clothing,South,7.0,78.73,415.275
5350,2024-11-19,Running Shoes,Sports,North,4.0,62.09,266.72
5349,2024-11-19,Wireless Mouse,Electronics,East,4.0,15.56,62.24
5355,2024-11-20,Wireless Mouse,Electronics,East,4.0,15.42,61.68
5353,2024-11-20,Running Shoes,Sports,South,1.0,58.51,58.51
5356,2024-11-20,Face Moisturizer,Beauty,South,7.0,18.244999999999997,123.48
5354,2024-11-20,Non-Stick Pan,Home & Kitchen,North,6.0,27.48,164.88
5352,2024-11-20,Coffee Maker,Home & Kitchen,West,4.0,50.48,201.92
5360,2024-11-21,Winter Jacket,Clothing,South,7.0,80.9,415.275
5357,2024-11-21,Mechanical Keyboard,Electronics,West,4.0,54.07,216.28
5358,2024-11-21,Wireless Mouse,Electronics,West,2.0,16.7,33.4
5359,2024-11-21,Bluetooth Speaker,Electronics,North,5.0,33.07,165.35
5363,2024-11-22,Running Shoes,Sports,South,4.0,64.43,257.72
5365,2024-11-22,Cotton T-Shirt,Clothing,West,4.0,15.93,63.72
5361,2024-11-22,Non-Stick Pan,Home & Kitchen,North,2.0,26.51,53.02
5364,2024-11-22,Bed Sheet Set,Home & Kitchen,North,1.0,33.86,33.86
5362,2024-11-22,Running Shoes,Sports,East,6.0,57.23,343.38
5369,2024-11-23,Shampoo,Beauty,West,3.0,11.4,34.2
5366,2024-11-23,Denim Jeans,Clothing,West,7.0,36.77,257.39
5370,2024-11-23,Face Moisturizer,Beauty,South,4.0,16.2,64.8
5371,2024-11-23,Non-Stick Pan,Home & Kitchen,West,7.0,26.35,184.45
5368,2024-11-23,Coffee Maker,Home & Kitchen,West,2.0,55.16,110.32
5367,2024-11-23,Winter Jacket,Clothing,West,1.0,80.74,80.74
5372,2024-11-24,Bed Sheet Set,Home & Kitchen,East,4.0,29.28,117.12
5373,2024-11-24,Wireless Mouse,Electronics,West,6.0,15.91,95.46
5374,2024-11-24,Bed Sheet Set,Home & Kitchen,South,5.0,32.48,162.4
5376,2024-11-25,USB-C Charger,Electronics,North,3.0,13.69,41.07
5375,2024-11-25,Wireless Mouse,Electronics,West,5.0,17.1,85.5
5378,2024-11-26,Non-Stick Pan,Home & Kitchen,West,4.0,26.34,105.36
5380,2024-11-26,Mechanical Keyboard,Electronics,South,2.0,59.76,119.52
5377,2024-11-26,Wireless Mouse,Electronics,North,5.0,15.87,79.35
5382,2024-11-26,Non-Stick Pan,Home & Kitchen,North,3.0,24.99,74.97
5379,2024-11-26,Face Moisturizer,Beauty,East,3.0,18.244999999999997,49.08
5381,2024-11-26,USB-C Charger,Electronics,West,3.0,11.88,35.64
5385,2024-11-27,Mechanical Keyboard,Electronics,East,4.0,53.93,215.72
5384,2024-11-27,Bluetooth Speaker,Electronics,North,4.0,35.74,142.96
5383,2024-11-27,Winter Jacket,Clothing,West,5.0,76.46,382.3
5388,2024-11-28,Bed Sheet Set,Home & Kitchen,North,5.0,33.23,166.15
5389,2024-11-28,Yoga Mat,Sports,East,6.0,20.98,125.88
5387,2024-11-28,Bluetooth Speaker,Electronics,South,6.0,35.94,225.72
5386,2024-11-28,Cricket Bat,Sports,North,7.0,51.07,357.49
5393,2024-11-29,Shampoo,Beauty,South,7.0,9.17,64.19
5392,2024-11-29,Bed Sheet Set,Home & Kitchen,South,3.0,31.61,94.83
5394,2024-11-29,Running Shoes,Sports,West,2.0,62.84,125.68
5390,2024-11-29,Yoga Mat,Sports,East,7.0,19.53,136.71
5391,2024-11-29,USB-C Charger,Electronics,South,7.0,11.9,83.3
5395,2024-11-29,Face Moisturizer,Beauty,South,1.0,16.89,16.89
5397,2024-11-30,Bed Sheet Set,Home & Kitchen,West,5.0,33.07,165.35
5398,2024-11-30,USB-C Charger,Electronics,North,3.0,13.09,39.27
5399,2024-11-30,Yoga Mat,Sports,South,3.0,21.21,63.63
5396,2024-11-30,Non-Stick Pan,Home & Kitchen,East,7.0,23.68,165.76
5400,2024-11-30,Bluetooth Speaker,Electronics,East,6.0,35.94,189.06
5401,2024-12-01,Winter Jacket,Clothing,West,5.0,73.05,365.25
5403,2024-12-01,Bed Sheet Set,Home & Kitchen,West,6.0,29.13,174.78
5404,2024-12-01,Bluetooth Speaker,Electronics,Unknown,1.0,38.42,38.42
5402,2024-12-01,Bluetooth Speaker,Electronics,East,5.0,32.8,164.0
5407,2024-12-02,Face Moisturizer,Beauty,East,1.0,19.0,19.0
5405,2024-12-02,Cricket Bat,Sports,North,6.0,47.45,284.7
5406,2024-12-02,Wireless Mouse,Electronics,West,2.0,13.96,27.92
5408,2024-12-02,Cricket Bat,Sports,East,3.0,43.18,129.54
5409,2024-12-03,Shampoo,Beauty,West,6.0,10.54,63.24
5410,2024-12-04,Shampoo,Beauty,South,2.0,9.43,18.86
5411,2024-12-04,Running Shoes,Sports,East,2.0,62.52,125.04
5412,2024-12-05,USB-C Charger,Electronics,West,3.0,11.31,33.93
5415,2024-12-05,Face Moisturizer,Beauty,North,6.0,17.21,103.26
5416,2024-12-05,Denim Jeans,Clothing,East,2.0,38.55,77.1
5417,2024-12-05,Cricket Bat,Sports,North,4.0,49.72,198.88
5414,2024-12-05,Mechanical Keyboard,Electronics,South,1.0,52.98,52.98
5413,2024-12-05,Yoga Mat,Sports,East,4.0,21.88,87.52
5419,2024-12-06,Denim Jeans,Clothing,West,3.0,43.51,130.53
5420,2024-12-06,Wireless Mouse,Electronics,East,4.0,15.37,61.48
5421,2024-12-06,Denim Jeans,Clothing,East,2.0,44.99,89.98
5422,2024-12-06,Shampoo,Beauty,East,7.0,9.16,64.12
5418,2024-12-06,Non-Stick Pan,Home & Kitchen,North,3.0,23.86,71.58
5427,2024-12-07,Face Moisturizer,Beauty,East,4.0,17.24,68.96
5423,2024-12-07,Shampoo,Beauty,South,3.0,9.46,28.38
5424,2024-12-07,Cricket Bat,Sports,North,1.0,46.57,42.99
5425,2024-12-07,Cotton T-Shirt,Clothing,South,1.0,14.97,14.97
5426,2024-12-07,Cricket Bat,Sports,West,6.0,45.98,275.88
5428,2024-12-07,Winter Jacket,Clothing,Unknown,6.0,77.97,415.275
5432,2024-12-08,Coffee Maker,Home & Kitchen,West,2.0,48.69,97.38
5429,2024-12-08,Running Shoes,Sports,West,7.0,66.26,415.275
5430,2024-12-08,Wireless Mouse,Electronics,South,5.0,14.88,74.4
5431,2024-12-08,Bed Sheet Set,Home & Kitchen,North,4.0,27.47,109.88
5435,2024-12-09,Cricket Bat,Sports,North,2.0,47.35,94.7
5436,2024-12-09,USB-C Charger,Electronics,South,3.0,11.24,33.72
5433,2024-12-09,Running Shoes,Sports,East,6.0,65.66,393.96
5434,2024-12-09,Cricket Bat,Sports,South,4.0,46.88,187.52
5437,2024-12-10,Mechanical Keyboard,Electronics,Unknown,6.0,60.56,363.36
5438,2024-12-10,Yoga Mat,Sports,North,1.0,21.93,21.93
5441,2024-12-11,Cotton T-Shirt,Clothing,North,3.0,16.1,48.3
5440,2024-12-11,USB-C Charger,Electronics,South,1.0,10.84,10.84
5443,2024-12-11,Face Moisturizer,Beauty,North,4.0,18.17,72.68
5442,2024-12-11,Shampoo,Beauty,North,2.0,10.11,20.22
5439,2024-12-11,Yoga Mat,Sports,South,7.0,18.89,132.23
5445,2024-12-12,Denim Jeans,Clothing,North,3.0,42.38,127.14
5444,2024-12-12,USB-C Charger,Electronics,North,5.0,11.98,59.9
5447,2024-12-12,Running Shoes,Sports,South,4.0,65.92,65.92
5446,2024-12-12,Yoga Mat,Sports,South,5.0,20.43,102.15
5448,2024-12-12,Coffee Maker,Home & Kitchen,North,2.0,47.02,94.04
5450,2024-12-13,Cricket Bat,Sports,South,6.0,47.69,286.14
5449,2024-12-13,Denim Jeans,Clothing,North,3.0,36.07,108.21
5452,2024-12-14,Yoga Mat,Sports,West,6.0,20.98,125.88
5451,2024-12-14,Mechanical Keyboard,Electronics,West,4.0,59.42,237.68
5455,2024-12-15,USB-C Charger,Electronics,North,6.0,11.22,67.32
5454,2024-12-15,Face Moisturizer,Beauty,South,5.0,18.43,92.15
5456,2024-12-15,Wireless Mouse,Electronics,East,4.0,17.18,68.72
5453,2024-12-15,Wireless Mouse,Electronics,East,4.0,16.33,65.32
5462,2024-12-16,Mechanical Keyboard,Electronics,South,2.0,61.48,122.96
5460,2024-12-16,Yoga Mat,Sports,East,5.0,19.98,99.9
5459,2024-12-16,USB-C Charger,Electronics,East,7.0,11.03,77.21
5457,2024-12-16,USB-C Charger,Electronics,North,4.0,12.03,48.12
5461,2024-12-16,Bed Sheet Set,Home & Kitchen,West,6.0,31.83,190.98
5458,2024-12-16,Coffee Maker,Home & Kitchen,West,5.0,49.74,248.7
5466,2024-12-17,USB-C Charger,Electronics,West,6.0,13.67,82.02
5463,2024-12-17,USB-C Charger,Electronics,East,7.0,13.79,96.53
5467,2024-12-17,Winter Jacket,Clothing,West,1.0,85.87,85.87
5464,2024-12-17,Shampoo,Beauty,South,6.0,11.47,68.82
5465,2024-12-17,Coffee Maker,Home & Kitchen,West,6.0,50.08,300.48
5468,2024-12-18,Bluetooth Speaker,Electronics,East,6.0,35.17,211.02
5470,2024-12-18,Wireless Mouse,Electronics,East,2.0,14.69,29.38
5469,2024-12-18,Winter Jacket,Clothing,North,7.0,75.13,415.275
5472,2024-12-19,Cotton T-Shirt,Clothing,Unknown,4.0,16.17,64.68
5473,2024-12-19,Cricket Bat,Sports,East,5.0,40.72,203.6
5474,2024-12-19,USB-C Charger,Electronics,South,7.0,11.42,79.94
5471,2024-12-19,Coffee Maker,Home & Kitchen,East,1.0,49.49,49.49
5475,2024-12-20,Coffee Maker,Home & Kitchen,East,2.0,56.12,112.24
5476,2024-12-20,Bluetooth Speaker,Electronics,North,5.0,38.04,190.2
5477,2024-12-20,USB-C Charger,Electronics,North,7.0,12.9,90.3
5478,2024-12-20,Mechanical Keyboard,Electronics,South,1.0,63.2,63.2
5482,2024-12-21,USB-C Charger,Electronics,South,5.0,11.52,57.6
5480,2024-12-21,Bluetooth Speaker,Electronics,East,7.0,36.01,252.07
5479,2024-12-21,Mechanical Keyboard,Electronics,West,7.0,49.56,346.92
5481,2024-12-21,Shampoo,Beauty,North,2.0,10.59,21.18
5485,2024-12-22,Bed Sheet Set,Home & Kitchen,West,5.0,31.09,155.45
5484,2024-12-22,Cotton T-Shirt,Clothing,South,6.0,16.88,101.28
5486,2024-12-22,Face Moisturizer,Beauty,Unknown,2.0,18.03,36.06
5483,2024-12-22,Winter Jacket,Clothing,East,4.0,81.62,326.48
5488,2024-12-23,Face Moisturizer,Beauty,West,2.0,19.33,38.66
5487,2024-12-23,Face Moisturizer,Beauty,West,6.0,18.88,113.28
5493,2024-12-24,Bed Sheet Set,Home & Kitchen,South,2.0,31.65,63.3
5490,2024-12-24,Cricket Bat,Sports,East,1.0,51.21,51.21
5491,2024-12-24,Shampoo,Beauty,North,5.0,10.3,51.5
5492,2024-12-24,Bed Sheet Set,Home & Kitchen,West,6.0,34.45,206.7
5494,2024-12-24,Running Shoes,Sports,North,1.0,66.85,66.85
5489,2024-12-24,Face Moisturizer,Beauty,West,4.0,20.23,80.92
5496,2024-12-24,Shampoo,Beauty,South,2.0,10.83,21.66
5495,2024-12-24,Running Shoes,Sports,North,7.0,64.14,415.275
5497,2024-12-25,Wireless Mouse,Electronics,West,1.0,16.72,16.72
5499,2024-12-25,Winter Jacket,Clothing,East,4.0,89.98,359.92
5498,2024-12-25,Face Moisturizer,Beauty,West,3.0,19.48,58.44
